,frameNo,position,SEQ,No,filepPath,x,y
0,8,0,0,1,./data/8.jpg,813,270
15,9,0,0,1,./data/9.jpg,813,273
30,10,0,0,1,./data/10.jpg,817,277
45,11,0,0,1,./data/11.jpg,820,280
60,12,0,0,1,./data/12.jpg,817,284
75,13,0,0,1,./data/13.jpg,813,284
90,14,0,0,1,./data/14.jpg,810,287
105,15,0,0,1,./data/15.jpg,807,287
120,16,0,0,1,./data/16.jpg,803,287
135,17,0,0,1,./data/17.jpg,803,284
150,18,0,0,1,./data/18.jpg,800,284
165,19,0,0,1,./data/19.jpg,797,284
180,20,0,0,1,./data/20.jpg,790,280
195,21,0,0,1,./data/21.jpg,787,280
210,22,0,0,1,./data/22.jpg,783,280
225,23,0,0,1,./data/23.jpg,780,280
240,24,0,0,1,./data/24.jpg,780,280
255,25,0,0,1,./data/25.jpg,780,280
270,26,0,0,1,./data/26.jpg,777,284
285,27,0,0,1,./data/27.jpg,777,287
300,28,0,0,1,./data/28.jpg,770,290
315,29,0,0,1,./data/29.jpg,767,294
330,30,0,0,1,./data/30.jpg,767,304
345,31,0,0,1,./data/31.jpg,763,310
360,32,0,0,1,./data/32.jpg,763,314
375,33,0,0,1,./data/33.jpg,763,324
390,34,0,0,1,./data/34.jpg,763,327
405,35,0,0,1,./data/35.jpg,763,334
420,36,0,0,1,./data/36.jpg,773,334
435,37,0,0,1,./data/37.jpg,780,338
450,38,0,0,1,./data/38.jpg,790,341
465,39,0,0,1,./data/39.jpg,803,341
480,40,0,0,1,./data/40.jpg,820,341
495,41,0,0,1,./data/41.jpg,837,338
510,42,0,0,1,./data/42.jpg,860,338
525,43,0,0,1,./data/43.jpg,887,334
540,44,0,0,1,./data/44.jpg,923,327
555,45,0,0,1,./data/45.jpg,953,314
570,46,0,0,1,./data/46.jpg,993,310
585,47,0,0,1,./data/47.jpg,1037,310
600,48,0,0,1,./data/48.jpg,1070,314
615,49,0,0,1,./data/49.jpg,1110,317
630,50,0,0,1,./data/50.jpg,1143,327
645,51,0,0,1,./data/51.jpg,1177,327
660,52,0,0,1,./data/52.jpg,1207,341
675,53,0,0,1,./data/53.jpg,1240,358
690,54,0,0,1,./data/54.jpg,1267,364
705,55,0,0,1,./data/55.jpg,1287,375
720,56,0,0,1,./data/56.jpg,1307,381
735,57,0,0,1,./data/57.jpg,1330,381
750,58,0,0,1,./data/58.jpg,1350,385
765,59,0,0,1,./data/59.jpg,1370,398
780,60,0,0,1,./data/60.jpg,1387,408
795,61,0,0,1,./data/61.jpg,1397,412
1,8,2,2,1,./data/8.jpg,737,385
16,9,2,2,1,./data/9.jpg,733,385
31,10,2,2,1,./data/10.jpg,730,385
46,11,2,2,1,./data/11.jpg,727,385
61,12,2,2,1,./data/12.jpg,717,385
76,13,2,2,1,./data/13.jpg,713,381
91,14,2,2,1,./data/14.jpg,710,381
106,15,2,2,1,./data/15.jpg,707,381
121,16,2,2,1,./data/16.jpg,703,378
136,17,2,2,1,./data/17.jpg,693,375
151,18,2,2,1,./data/18.jpg,687,375
166,19,2,2,1,./data/19.jpg,687,371
181,20,2,2,1,./data/20.jpg,680,371
196,21,2,2,1,./data/21.jpg,677,375
211,22,2,2,1,./data/22.jpg,677,375
226,23,2,2,1,./data/23.jpg,670,375
241,24,2,2,1,./data/24.jpg,667,378
256,25,2,2,1,./data/25.jpg,667,381
271,26,2,2,1,./data/26.jpg,663,381
286,27,2,2,1,./data/27.jpg,663,385
301,28,2,2,1,./data/28.jpg,663,395
316,29,2,2,1,./data/29.jpg,663,405
331,30,2,2,1,./data/30.jpg,663,408
346,31,2,2,1,./data/31.jpg,663,422
361,32,2,2,1,./data/32.jpg,663,429
376,33,2,2,1,./data/33.jpg,663,435
391,34,2,2,1,./data/34.jpg,663,446
406,35,2,2,1,./data/35.jpg,667,452
421,36,2,2,1,./data/36.jpg,673,456
436,37,2,2,1,./data/37.jpg,683,462
451,38,2,2,1,./data/38.jpg,687,466
466,39,2,2,1,./data/39.jpg,700,466
481,40,2,2,1,./data/40.jpg,710,462
496,41,2,2,1,./data/41.jpg,730,462
511,42,2,2,1,./data/42.jpg,747,456
526,43,2,2,1,./data/43.jpg,773,449
541,44,2,2,1,./data/44.jpg,800,435
556,45,2,2,1,./data/45.jpg,830,429
571,46,2,2,1,./data/46.jpg,860,418
586,47,2,2,1,./data/47.jpg,900,408
601,48,2,2,1,./data/48.jpg,943,408
616,49,2,2,1,./data/49.jpg,990,405
631,50,2,2,1,./data/50.jpg,1043,408
646,51,2,2,1,./data/51.jpg,1093,435
661,52,2,2,1,./data/52.jpg,1160,408
676,53,2,2,1,./data/53.jpg,1197,415
691,54,2,2,1,./data/54.jpg,1230,418
706,55,2,2,1,./data/55.jpg,1257,435
721,56,2,2,1,./data/56.jpg,1283,456
736,57,2,2,1,./data/57.jpg,1303,476
751,58,2,2,1,./data/58.jpg,1323,486
766,59,2,2,1,./data/59.jpg,1330,500
781,60,2,2,1,./data/60.jpg,1340,496
796,61,2,2,1,./data/61.jpg,1350,493
2,8,3,3,1,./data/8.jpg,700,516
17,9,3,3,1,./data/9.jpg,690,513
32,10,3,3,1,./data/10.jpg,687,520
47,11,3,3,1,./data/11.jpg,683,520
62,12,3,3,1,./data/12.jpg,677,513
77,13,3,3,1,./data/13.jpg,667,510
92,14,3,3,1,./data/14.jpg,663,506
107,15,3,3,1,./data/15.jpg,657,503
122,16,3,3,1,./data/16.jpg,650,496
137,17,3,3,1,./data/17.jpg,640,496
152,18,3,3,1,./data/18.jpg,637,493
167,19,3,3,1,./data/19.jpg,633,489
182,20,3,3,1,./data/20.jpg,633,489
197,21,3,3,1,./data/21.jpg,637,479
212,22,3,3,1,./data/22.jpg,630,466
227,23,3,3,1,./data/23.jpg,630,459
242,24,3,3,1,./data/24.jpg,620,472
257,25,3,3,1,./data/25.jpg,623,472
272,26,3,3,1,./data/26.jpg,630,476
287,27,3,3,1,./data/27.jpg,633,479
302,28,3,3,1,./data/28.jpg,637,489
317,29,3,3,1,./data/29.jpg,637,503
332,30,3,3,1,./data/30.jpg,640,513
347,31,3,3,1,./data/31.jpg,643,526
362,32,3,3,1,./data/32.jpg,647,543
377,33,3,3,1,./data/33.jpg,650,554
392,34,3,3,1,./data/34.jpg,653,570
407,35,3,3,1,./data/35.jpg,657,577
422,36,3,3,1,./data/36.jpg,660,587
437,37,3,3,1,./data/37.jpg,660,594
452,38,3,3,1,./data/38.jpg,663,594
467,39,3,3,1,./data/39.jpg,663,591
482,40,3,3,1,./data/40.jpg,670,580
497,41,3,3,1,./data/41.jpg,677,570
512,42,3,3,1,./data/42.jpg,683,554
527,43,3,3,1,./data/43.jpg,693,530
542,44,3,3,1,./data/44.jpg,713,503
557,45,3,3,1,./data/45.jpg,737,479
572,46,3,3,1,./data/46.jpg,760,462
587,47,3,3,1,./data/47.jpg,780,456
602,48,3,3,1,./data/48.jpg,823,432
617,49,3,3,1,./data/49.jpg,883,385
632,50,3,3,1,./data/50.jpg,997,324
647,51,3,3,1,./data/51.jpg,1020,567
662,52,3,3,1,./data/52.jpg,1253,304
677,53,3,3,1,./data/53.jpg,1323,321
692,54,3,3,1,./data/54.jpg,1370,385
707,55,3,3,1,./data/55.jpg,1397,472
722,56,3,3,1,./data/56.jpg,1393,547
737,57,3,3,1,./data/57.jpg,1353,601
752,58,3,3,1,./data/58.jpg,1307,624
767,59,3,3,1,./data/59.jpg,1273,621
782,60,3,3,1,./data/60.jpg,1270,580
797,61,3,3,1,./data/60.jpg,1270,580
3,8,4,4,1,./data/8.jpg,710,496
18,9,4,4,1,./data/9.jpg,707,493
33,10,4,4,1,./data/10.jpg,697,489
48,11,4,4,1,./data/11.jpg,690,483
63,12,4,4,1,./data/12.jpg,687,483
78,13,4,4,1,./data/13.jpg,673,479
93,14,4,4,1,./data/14.jpg,667,476
108,15,4,4,1,./data/15.jpg,657,472
123,16,4,4,1,./data/16.jpg,643,469
138,17,4,4,1,./data/17.jpg,640,459
153,18,4,4,1,./data/18.jpg,633,462
168,19,4,4,1,./data/19.jpg,627,462
183,20,4,4,1,./data/20.jpg,623,472
198,21,4,4,1,./data/21.jpg,620,469
213,22,4,4,1,./data/21.jpg,620,469
228,23,4,4,1,./data/23.jpg,613,479
243,24,4,4,1,./data/24.jpg,610,500
258,25,4,4,1,./data/25.jpg,603,506
273,26,4,4,1,./data/26.jpg,610,526
288,27,4,4,1,./data/27.jpg,613,547
303,28,4,4,1,./data/28.jpg,613,570
318,29,4,4,1,./data/29.jpg,617,594
333,30,4,4,1,./data/30.jpg,620,614
348,31,4,4,1,./data/31.jpg,627,628
363,32,4,4,1,./data/32.jpg,633,648
378,33,4,4,1,./data/33.jpg,637,668
393,34,4,4,1,./data/34.jpg,640,682
408,35,4,4,1,./data/35.jpg,643,695
423,36,4,4,1,./data/36.jpg,643,702
438,37,4,4,1,./data/37.jpg,647,709
453,38,4,4,1,./data/38.jpg,647,702
468,39,4,4,1,./data/39.jpg,647,695
483,40,4,4,1,./data/40.jpg,647,692
498,41,4,4,1,./data/41.jpg,657,675
513,42,4,4,1,./data/42.jpg,660,658
528,43,4,4,1,./data/43.jpg,667,631
543,44,4,4,1,./data/44.jpg,683,594
558,45,4,4,1,./data/45.jpg,697,547
573,46,4,4,1,./data/46.jpg,730,483
588,47,4,4,1,./data/47.jpg,767,405
603,48,4,4,1,./data/48.jpg,823,348
618,49,4,4,1,./data/49.jpg,900,250
633,50,4,4,1,./data/50.jpg,993,196
648,51,4,4,1,./data/51.jpg,1137,196
663,52,4,4,1,./data/52.jpg,1280,172
678,53,4,4,1,./data/53.jpg,1423,246
693,54,4,4,1,./data/54.jpg,1473,361
708,55,4,4,1,./data/55.jpg,1503,496
723,56,4,4,1,./data/56.jpg,1470,601
738,57,4,4,1,./data/57.jpg,1393,682
753,58,4,4,1,./data/58.jpg,1303,722
768,59,4,4,1,./data/59.jpg,1223,692
783,60,4,4,1,./data/59.jpg,1223,692
798,61,4,4,1,./data/59.jpg,1223,692
4,8,5,5,1,./data/8.jpg,880,371
19,9,5,5,1,./data/9.jpg,877,371
34,10,5,5,1,./data/10.jpg,873,375
49,11,5,5,1,./data/11.jpg,867,375
64,12,5,5,1,./data/12.jpg,857,378
79,13,5,5,1,./data/13.jpg,850,371
94,14,5,5,1,./data/14.jpg,847,375
109,15,5,5,1,./data/15.jpg,837,371
124,16,5,5,1,./data/16.jpg,830,364
139,17,5,5,1,./data/17.jpg,827,364
154,18,5,5,1,./data/18.jpg,823,361
169,19,5,5,1,./data/19.jpg,817,361
184,20,5,5,1,./data/20.jpg,810,358
199,21,5,5,1,./data/21.jpg,807,358
214,22,5,4,1,./data/22.jpg,807,354
229,23,5,5,1,./data/23.jpg,803,354
244,24,5,5,1,./data/24.jpg,803,354
259,25,5,5,1,./data/25.jpg,800,354
274,26,5,5,1,./data/26.jpg,797,358
289,27,5,5,1,./data/27.jpg,793,358
304,28,5,5,1,./data/28.jpg,793,361
319,29,5,5,1,./data/29.jpg,790,364
334,30,5,5,1,./data/30.jpg,787,375
349,31,5,5,1,./data/31.jpg,793,381
364,32,5,5,1,./data/32.jpg,793,385
379,33,5,5,1,./data/33.jpg,800,395
394,34,5,5,1,./data/34.jpg,803,402
409,35,5,5,1,./data/35.jpg,803,405
424,36,5,5,1,./data/36.jpg,810,408
439,37,5,5,1,./data/37.jpg,820,412
454,38,5,5,1,./data/38.jpg,830,415
469,39,5,5,1,./data/39.jpg,847,412
484,40,5,5,1,./data/40.jpg,860,412
499,41,5,5,1,./data/41.jpg,877,412
514,42,5,5,1,./data/42.jpg,900,408
529,43,5,5,1,./data/43.jpg,920,405
544,44,5,5,1,./data/44.jpg,947,402
559,45,5,5,1,./data/45.jpg,977,398
574,46,5,5,1,./data/46.jpg,1003,402
589,47,5,5,1,./data/47.jpg,1040,408
604,48,5,5,1,./data/48.jpg,1063,429
619,49,5,5,1,./data/49.jpg,1090,442
634,50,5,5,1,./data/50.jpg,1110,449
649,51,5,5,1,./data/51.jpg,1107,422
664,52,5,5,1,./data/52.jpg,1087,452
679,53,5,5,1,./data/53.jpg,1093,456
694,54,5,5,1,./data/54.jpg,1113,456
709,55,5,5,1,./data/55.jpg,1117,449
724,56,5,5,1,./data/56.jpg,1140,435
739,57,5,5,1,./data/57.jpg,1160,432
754,58,5,5,1,./data/58.jpg,1183,422
769,59,5,5,1,./data/59.jpg,1203,412
784,60,5,4,1,./data/60.jpg,1227,408
799,61,5,3,1,./data/61.jpg,1240,405
5,8,6,6,1,./data/8.jpg,913,500
20,9,6,6,1,./data/9.jpg,907,496
35,10,6,6,1,./data/10.jpg,900,496
50,11,6,6,1,./data/11.jpg,893,493
65,12,6,6,1,./data/12.jpg,880,493
80,13,6,6,1,./data/13.jpg,873,493
95,14,6,6,1,./data/14.jpg,860,483
110,15,6,6,1,./data/15.jpg,850,483
125,16,6,6,1,./data/16.jpg,840,476
140,17,6,6,1,./data/17.jpg,830,476
155,18,6,6,1,./data/18.jpg,823,469
170,19,6,6,1,./data/19.jpg,817,462
185,20,6,6,1,./data/20.jpg,810,456
200,21,6,6,1,./data/21.jpg,807,452
215,22,6,5,1,./data/22.jpg,803,452
230,23,6,6,1,./data/23.jpg,800,449
245,24,6,6,1,./data/24.jpg,790,449
260,25,6,6,1,./data/25.jpg,787,449
275,26,6,6,1,./data/26.jpg,780,449
290,27,6,6,1,./data/27.jpg,780,452
305,28,6,6,1,./data/28.jpg,783,452
320,29,6,6,1,./data/29.jpg,783,452
335,30,6,6,1,./data/30.jpg,793,459
350,31,6,6,1,./data/31.jpg,803,466
365,32,6,6,1,./data/32.jpg,827,476
380,33,6,6,1,./data/33.jpg,843,472
395,34,6,6,1,./data/34.jpg,857,459
410,35,6,6,1,./data/35.jpg,877,456
425,36,6,6,1,./data/36.jpg,900,452
440,37,6,6,1,./data/37.jpg,920,435
455,38,6,6,1,./data/38.jpg,937,432
470,39,6,6,1,./data/39.jpg,960,425
485,40,6,6,1,./data/40.jpg,980,412
500,41,6,6,1,./data/41.jpg,1000,408
515,42,6,6,1,./data/42.jpg,1020,405
530,43,6,6,1,./data/43.jpg,1037,405
545,44,6,6,1,./data/44.jpg,1057,408
560,45,6,6,1,./data/45.jpg,1067,429
575,46,6,6,1,./data/46.jpg,1067,456
590,47,6,6,1,./data/47.jpg,1060,483
605,48,6,6,1,./data/48.jpg,1063,523
620,49,6,6,1,./data/49.jpg,1067,570
635,50,6,6,1,./data/50.jpg,1087,584
650,51,6,6,1,./data/51.jpg,1017,567
665,52,6,6,1,./data/52.jpg,1017,560
680,53,6,6,1,./data/53.jpg,1020,554
695,54,6,6,1,./data/54.jpg,1023,537
710,55,6,6,1,./data/55.jpg,1037,513
725,56,6,6,1,./data/56.jpg,1047,500
740,57,6,6,1,./data/57.jpg,1063,472
755,58,6,6,1,./data/58.jpg,1087,446
770,59,6,6,1,./data/59.jpg,1110,429
785,60,6,5,1,./data/60.jpg,1137,412
800,61,6,4,1,./data/61.jpg,1160,402
6,8,7,7,1,./data/8.jpg,843,472
21,9,7,7,1,./data/9.jpg,830,459
36,10,7,7,1,./data/10.jpg,823,459
51,11,7,7,1,./data/11.jpg,810,452
66,12,7,7,1,./data/12.jpg,803,446
81,13,7,7,1,./data/13.jpg,787,439
96,14,7,7,1,./data/14.jpg,780,435
111,15,7,7,1,./data/15.jpg,767,432
126,16,7,7,1,./data/16.jpg,757,425
141,17,7,7,1,./data/17.jpg,743,422
156,18,7,7,1,./data/18.jpg,733,418
171,19,7,7,1,./data/19.jpg,727,418
186,20,7,7,1,./data/20.jpg,717,425
201,21,7,7,1,./data/21.jpg,710,429
216,22,7,6,1,./data/22.jpg,703,435
231,23,7,7,1,./data/23.jpg,693,449
246,24,7,7,1,./data/24.jpg,690,462
261,25,7,7,1,./data/25.jpg,693,479
276,26,7,7,1,./data/26.jpg,703,503
291,27,7,7,1,./data/27.jpg,713,520
306,28,7,7,1,./data/28.jpg,730,530
321,29,7,7,1,./data/29.jpg,750,547
336,30,7,7,1,./data/30.jpg,780,550
351,31,7,7,1,./data/31.jpg,810,557
366,32,7,7,1,./data/32.jpg,847,570
381,33,7,7,1,./data/33.jpg,880,554
396,34,7,7,1,./data/34.jpg,920,533
411,35,7,7,1,./data/35.jpg,950,513
426,36,7,7,1,./data/36.jpg,983,489
441,37,7,7,1,./data/37.jpg,1020,476
456,38,7,7,1,./data/38.jpg,1047,452
471,39,7,7,1,./data/39.jpg,1080,435
486,40,7,7,1,./data/40.jpg,1100,425
501,41,7,7,1,./data/41.jpg,1117,412
516,42,7,7,1,./data/42.jpg,1137,412
531,43,7,7,1,./data/43.jpg,1150,422
546,44,7,7,1,./data/44.jpg,1157,435
561,45,7,7,1,./data/45.jpg,1150,459
576,46,7,7,1,./data/46.jpg,1143,496
591,47,7,7,1,./data/47.jpg,1130,533
606,48,7,7,1,./data/48.jpg,1117,567
621,49,7,7,1,./data/49.jpg,1110,594
636,50,7,7,1,./data/50.jpg,1127,601
651,51,7,7,1,./data/51.jpg,1090,601
666,52,7,7,1,./data/52.jpg,1070,601
681,53,7,7,1,./data/53.jpg,1080,594
696,54,7,7,1,./data/54.jpg,1083,601
711,55,7,7,1,./data/55.jpg,1087,594
726,56,7,7,1,./data/56.jpg,1090,591
741,57,7,7,1,./data/57.jpg,1083,557
756,58,7,7,1,./data/58.jpg,1090,530
771,59,7,7,1,./data/59.jpg,1100,506
786,60,7,6,1,./data/60.jpg,1113,493
801,61,7,5,1,./data/61.jpg,1130,472
7,8,8,8,1,./data/8.jpg,743,641
22,9,8,8,1,./data/9.jpg,740,641
37,10,8,8,1,./data/10.jpg,733,638
52,11,8,8,1,./data/11.jpg,730,634
67,12,8,8,1,./data/12.jpg,723,634
82,13,8,8,1,./data/13.jpg,713,631
97,14,8,8,1,./data/14.jpg,710,628
112,15,8,8,1,./data/15.jpg,710,624
127,16,8,8,1,./data/16.jpg,710,621
142,17,8,8,1,./data/17.jpg,707,621
157,18,8,8,1,./data/18.jpg,710,618
172,19,8,8,1,./data/19.jpg,707,618
187,20,8,8,1,./data/20.jpg,710,618
202,21,8,8,1,./data/21.jpg,710,614
217,22,8,7,1,./data/22.jpg,713,608
232,23,8,8,1,./data/23.jpg,717,611
247,24,8,8,1,./data/24.jpg,730,611
262,25,8,8,1,./data/25.jpg,733,611
277,26,8,8,1,./data/26.jpg,737,614
292,27,8,8,1,./data/27.jpg,733,614
307,28,8,8,1,./data/28.jpg,740,621
322,29,8,8,1,./data/29.jpg,747,624
337,30,8,8,1,./data/30.jpg,753,624
352,31,8,8,1,./data/31.jpg,757,631
367,32,8,8,1,./data/32.jpg,757,645
382,33,8,8,1,./data/33.jpg,757,651
397,34,8,8,1,./data/34.jpg,757,668
412,35,8,8,1,./data/35.jpg,760,675
427,36,8,8,1,./data/36.jpg,767,685
442,37,8,8,1,./data/37.jpg,773,692
457,38,8,8,1,./data/38.jpg,780,695
472,39,8,8,1,./data/39.jpg,783,695
487,40,8,8,1,./data/40.jpg,790,699
502,41,8,8,1,./data/41.jpg,803,702
517,42,8,8,1,./data/42.jpg,813,709
532,43,8,8,1,./data/43.jpg,830,709
547,44,8,8,1,./data/44.jpg,847,702
562,45,8,8,1,./data/45.jpg,867,699
577,46,8,8,1,./data/46.jpg,893,695
592,47,8,8,1,./data/47.jpg,920,692
607,48,8,8,1,./data/48.jpg,947,685
622,49,8,8,1,./data/49.jpg,977,688
637,50,8,8,1,./data/50.jpg,1003,688
652,51,8,8,1,./data/51.jpg,1037,695
667,52,8,8,1,./data/52.jpg,1047,702
682,53,8,8,1,./data/53.jpg,1060,702
697,54,8,8,1,./data/54.jpg,1073,695
712,55,8,8,1,./data/55.jpg,1090,685
727,56,8,8,1,./data/56.jpg,1113,675
742,57,8,8,1,./data/57.jpg,1133,668
757,58,8,8,1,./data/58.jpg,1153,665
772,59,8,8,1,./data/59.jpg,1167,665
787,60,8,7,1,./data/60.jpg,1173,662
802,61,8,6,1,./data/61.jpg,1187,645
8,8,9,9,1,./data/8.jpg,727,847
23,9,9,9,1,./data/9.jpg,723,850
38,10,9,9,1,./data/10.jpg,717,847
53,11,9,9,1,./data/11.jpg,713,840
68,12,9,9,1,./data/12.jpg,710,840
83,13,9,9,1,./data/13.jpg,707,840
98,14,9,9,1,./data/14.jpg,707,840
113,15,9,9,1,./data/15.jpg,703,837
128,16,9,9,1,./data/16.jpg,703,837
143,17,9,9,1,./data/17.jpg,703,840
158,18,9,9,1,./data/18.jpg,707,840
173,19,9,9,1,./data/19.jpg,703,840
188,20,9,9,1,./data/20.jpg,707,847
203,21,9,9,1,./data/21.jpg,703,854
218,22,9,8,1,./data/22.jpg,697,803
233,23,9,9,1,./data/23.jpg,693,790
248,24,9,9,1,./data/24.jpg,700,780
263,25,9,9,1,./data/25.jpg,703,773
278,26,9,9,1,./data/26.jpg,693,770
293,27,9,9,1,./data/27.jpg,690,770
308,28,9,9,1,./data/28.jpg,703,776
323,29,9,9,1,./data/29.jpg,707,783
338,30,9,9,1,./data/30.jpg,713,790
353,31,9,9,1,./data/31.jpg,700,817
368,32,9,9,1,./data/32.jpg,690,857
383,33,9,9,1,./data/33.jpg,690,861
398,34,9,9,1,./data/34.jpg,690,864
413,35,9,9,1,./data/35.jpg,693,861
428,36,9,9,1,./data/36.jpg,693,867
443,37,9,9,1,./data/37.jpg,693,871
458,38,9,9,1,./data/38.jpg,693,874
473,39,9,9,1,./data/39.jpg,700,878
488,40,9,9,1,./data/40.jpg,703,878
503,41,9,9,1,./data/41.jpg,710,881
518,42,9,9,1,./data/42.jpg,713,881
533,43,9,9,1,./data/43.jpg,720,884
548,44,9,9,1,./data/44.jpg,737,888
563,45,9,9,1,./data/45.jpg,757,884
578,46,9,9,1,./data/46.jpg,780,884
593,47,9,9,1,./data/47.jpg,810,881
608,48,9,9,1,./data/48.jpg,843,864
623,49,9,9,1,./data/49.jpg,867,861
638,50,9,9,1,./data/50.jpg,893,861
653,51,9,9,1,./data/51.jpg,913,867
668,52,9,9,1,./data/52.jpg,947,881
683,53,9,9,1,./data/53.jpg,987,901
698,54,9,9,1,./data/54.jpg,1023,908
713,55,9,9,1,./data/55.jpg,1060,891
728,56,9,9,1,./data/56.jpg,1077,888
743,57,9,9,1,./data/57.jpg,1090,881
758,58,9,9,1,./data/58.jpg,1097,874
773,59,9,9,1,./data/59.jpg,1103,867
788,60,9,8,1,./data/60.jpg,1097,861
803,61,9,7,1,./data/61.jpg,1097,844
9,8,10,10,1,./data/8.jpg,713,1016
24,9,10,10,1,./data/9.jpg,713,1023
39,10,10,10,1,./data/10.jpg,713,1016
54,11,10,10,1,./data/11.jpg,713,1019
69,12,10,10,1,./data/12.jpg,713,1019
84,13,10,10,1,./data/13.jpg,713,1023
99,14,10,10,1,./data/14.jpg,713,1019
114,15,10,10,1,./data/15.jpg,717,1016
129,16,10,10,1,./data/16.jpg,717,1016
144,17,10,10,1,./data/17.jpg,717,1023
159,18,10,10,1,./data/18.jpg,717,1019
174,19,10,10,1,./data/19.jpg,717,1023
189,20,10,10,1,./data/20.jpg,717,1023
204,21,10,10,1,./data/21.jpg,720,1019
219,22,10,9,1,./data/22.jpg,720,1019
234,23,10,10,1,./data/23.jpg,723,1009
249,24,10,10,1,./data/24.jpg,727,986
264,25,10,10,1,./data/25.jpg,730,979
279,26,10,10,1,./data/26.jpg,717,965
294,27,10,10,1,./data/27.jpg,717,969
309,28,10,10,1,./data/28.jpg,710,969
324,29,10,10,1,./data/29.jpg,717,982
339,30,10,10,1,./data/30.jpg,723,1009
354,31,10,10,1,./data/31.jpg,717,999
369,32,10,10,1,./data/32.jpg,717,1006
384,33,10,10,1,./data/33.jpg,730,1012
399,34,10,10,1,./data/34.jpg,737,1033
414,35,10,10,1,./data/35.jpg,717,1019
429,36,10,10,1,./data/36.jpg,717,1019
444,37,10,10,1,./data/37.jpg,720,1016
459,38,10,10,1,./data/38.jpg,717,1012
474,39,10,10,1,./data/39.jpg,720,1012
489,40,10,10,1,./data/40.jpg,717,1012
504,41,10,10,1,./data/41.jpg,717,1012
519,42,10,10,1,./data/42.jpg,717,1009
534,43,10,10,1,./data/43.jpg,717,1006
549,44,10,10,1,./data/44.jpg,717,1009
564,45,10,10,1,./data/45.jpg,713,1012
579,46,10,10,1,./data/46.jpg,713,1002
594,47,10,10,1,./data/47.jpg,710,986
609,48,10,10,1,./data/48.jpg,710,979
624,49,10,10,1,./data/49.jpg,720,958
639,50,10,10,1,./data/50.jpg,730,955
654,51,10,10,1,./data/51.jpg,740,958
669,52,10,10,1,./data/52.jpg,773,958
684,53,10,10,1,./data/53.jpg,800,958
699,54,10,10,1,./data/54.jpg,827,955
714,55,10,10,1,./data/55.jpg,857,945
729,56,10,10,1,./data/56.jpg,880,928
744,57,10,10,1,./data/57.jpg,897,898
759,58,10,10,1,./data/58.jpg,910,854
774,59,10,10,1,./data/59.jpg,927,803
789,60,10,9,1,./data/60.jpg,963,753
804,61,10,8,1,./data/61.jpg,1003,705
10,8,11,11,1,./data/8.jpg,850,638
25,9,11,11,1,./data/9.jpg,840,634
40,10,11,11,1,./data/10.jpg,833,638
55,11,11,11,1,./data/11.jpg,827,634
70,12,11,11,1,./data/12.jpg,820,631
85,13,11,11,1,./data/13.jpg,807,631
100,14,11,11,1,./data/14.jpg,803,628
115,15,11,11,1,./data/15.jpg,800,624
130,16,11,11,1,./data/16.jpg,793,621
145,17,11,11,1,./data/17.jpg,790,618
160,18,11,11,1,./data/18.jpg,790,614
175,19,11,11,1,./data/19.jpg,793,614
190,20,11,11,1,./data/20.jpg,793,614
205,21,11,11,1,./data/21.jpg,797,608
220,22,11,10,1,./data/22.jpg,797,604
235,23,11,11,1,./data/23.jpg,797,604
250,24,11,11,1,./data/24.jpg,803,601
265,25,11,11,1,./data/25.jpg,803,601
280,26,11,11,1,./data/26.jpg,807,604
295,27,11,11,1,./data/27.jpg,810,601
310,28,11,11,1,./data/28.jpg,820,608
325,29,11,11,1,./data/29.jpg,823,614
340,30,11,11,1,./data/30.jpg,823,618
355,31,11,11,1,./data/31.jpg,827,624
370,32,11,11,1,./data/32.jpg,830,638
385,33,11,11,1,./data/33.jpg,833,645
400,34,11,11,1,./data/34.jpg,843,648
415,35,11,11,1,./data/35.jpg,850,662
430,36,11,11,1,./data/36.jpg,857,665
445,37,11,11,1,./data/37.jpg,863,672
460,38,11,11,1,./data/38.jpg,873,682
475,39,11,11,1,./data/39.jpg,877,682
490,40,11,11,1,./data/40.jpg,890,688
505,41,11,11,1,./data/41.jpg,900,692
520,42,11,11,1,./data/42.jpg,920,695
535,43,11,11,1,./data/43.jpg,933,695
550,44,11,11,1,./data/44.jpg,950,692
565,45,11,11,1,./data/45.jpg,970,692
580,46,11,11,1,./data/46.jpg,993,688
595,47,11,11,1,./data/47.jpg,1013,688
610,48,11,11,1,./data/48.jpg,1037,688
625,49,11,11,1,./data/49.jpg,1057,692
640,50,11,11,1,./data/50.jpg,1073,695
655,51,11,11,1,./data/51.jpg,1073,695
670,52,11,11,1,./data/52.jpg,1087,702
685,53,11,11,1,./data/53.jpg,1090,699
700,54,11,11,1,./data/54.jpg,1050,675
715,55,11,11,1,./data/55.jpg,1053,665
730,56,11,11,1,./data/56.jpg,1063,651
745,57,11,11,1,./data/57.jpg,1080,645
760,58,11,11,1,./data/58.jpg,1090,628
775,59,11,11,1,./data/59.jpg,1110,621
790,60,11,10,1,./data/60.jpg,1117,618
805,61,11,9,1,./data/61.jpg,1133,608
11,8,12,12,1,./data/8.jpg,883,844
26,9,12,12,1,./data/9.jpg,877,844
41,10,12,12,1,./data/10.jpg,873,844
56,11,12,12,1,./data/11.jpg,867,844
71,12,12,12,1,./data/12.jpg,853,840
86,13,12,12,1,./data/13.jpg,850,847
101,14,12,12,1,./data/14.jpg,837,844
116,15,12,12,1,./data/15.jpg,817,837
131,16,12,12,1,./data/16.jpg,803,837
146,17,12,12,1,./data/17.jpg,787,834
161,18,12,12,1,./data/18.jpg,767,817
176,19,12,12,1,./data/19.jpg,753,810
191,20,12,12,1,./data/20.jpg,737,807
206,21,12,12,1,./data/21.jpg,720,796
221,22,12,11,1,./data/22.jpg,713,793
236,23,12,12,1,./data/23.jpg,707,786
251,24,12,12,1,./data/24.jpg,697,776
266,25,12,12,1,./data/25.jpg,693,770
281,26,12,12,1,./data/26.jpg,693,770
296,27,12,12,1,./data/27.jpg,700,770
311,28,12,12,1,./data/28.jpg,700,773
326,29,12,12,1,./data/29.jpg,707,783
341,30,12,12,1,./data/30.jpg,713,786
356,31,12,12,1,./data/31.jpg,733,800
371,32,12,12,1,./data/32.jpg,743,807
386,33,12,12,1,./data/33.jpg,763,817
401,34,12,12,1,./data/34.jpg,783,830
416,35,12,12,1,./data/35.jpg,807,837
431,36,12,12,1,./data/36.jpg,830,837
446,37,12,12,1,./data/37.jpg,853,844
461,38,12,12,1,./data/38.jpg,887,850
476,39,12,12,1,./data/39.jpg,923,857
491,40,12,12,1,./data/40.jpg,947,854
506,41,12,12,1,./data/41.jpg,977,854
521,42,12,12,1,./data/42.jpg,1017,854
536,43,12,12,1,./data/43.jpg,1050,844
551,44,12,12,1,./data/44.jpg,1080,837
566,45,12,12,1,./data/45.jpg,1103,830
581,46,12,12,1,./data/46.jpg,1123,824
596,47,12,12,1,./data/47.jpg,1140,820
611,48,12,12,1,./data/48.jpg,1157,830
626,49,12,12,1,./data/49.jpg,1173,834
641,50,12,12,1,./data/50.jpg,1187,830
656,51,12,12,1,./data/51.jpg,1200,830
671,52,12,12,1,./data/52.jpg,1203,820
686,53,12,12,1,./data/53.jpg,1203,824
701,54,12,12,1,./data/54.jpg,1203,824
716,55,12,12,1,./data/55.jpg,1207,817
731,56,12,12,1,./data/56.jpg,1210,820
746,57,12,12,1,./data/57.jpg,1210,820
761,58,12,12,1,./data/58.jpg,1213,827
776,59,12,12,1,./data/59.jpg,1217,824
791,60,12,11,1,./data/60.jpg,1217,817
806,61,12,10,1,./data/61.jpg,1217,817
12,8,13,13,1,./data/8.jpg,910,1029
27,9,13,13,1,./data/9.jpg,913,1029
42,10,13,13,1,./data/10.jpg,913,1026
57,11,13,13,1,./data/11.jpg,917,1026
72,12,13,13,1,./data/12.jpg,917,1026
87,13,13,13,1,./data/13.jpg,920,1026
102,14,13,13,1,./data/14.jpg,917,1019
117,15,13,13,1,./data/15.jpg,917,1023
132,16,13,13,1,./data/16.jpg,900,996
147,17,13,13,1,./data/17.jpg,890,979
162,18,13,13,1,./data/18.jpg,873,965
177,19,13,13,1,./data/19.jpg,853,965
192,20,13,13,1,./data/20.jpg,837,962
207,21,13,13,1,./data/21.jpg,817,958
222,22,13,12,1,./data/22.jpg,800,965
237,23,13,13,1,./data/23.jpg,777,969
252,24,13,13,1,./data/24.jpg,757,972
267,25,13,13,1,./data/25.jpg,733,982
282,26,13,13,1,./data/26.jpg,720,982
297,27,13,13,1,./data/27.jpg,713,982
312,28,13,13,1,./data/28.jpg,710,982
327,29,13,13,1,./data/29.jpg,700,986
342,30,13,13,1,./data/30.jpg,690,996
357,31,13,13,1,./data/31.jpg,693,1006
372,32,13,13,1,./data/32.jpg,707,1009
387,33,13,13,1,./data/33.jpg,713,1023
402,34,13,13,1,./data/34.jpg,740,1033
417,35,13,13,1,./data/35.jpg,777,1040
432,36,13,13,1,./data/36.jpg,820,1050
447,37,13,13,1,./data/37.jpg,873,1053
462,38,13,13,1,./data/38.jpg,927,1046
477,39,13,13,1,./data/39.jpg,980,1053
492,40,13,13,1,./data/40.jpg,1037,1053
507,41,13,13,1,./data/41.jpg,1080,1046
522,42,13,13,1,./data/42.jpg,1110,1029
537,43,13,13,1,./data/43.jpg,1140,1023
552,44,13,13,1,./data/44.jpg,1163,1019
567,45,13,13,1,./data/45.jpg,1183,1009
582,46,13,13,1,./data/46.jpg,1197,1009
597,47,13,13,1,./data/47.jpg,1207,1012
612,48,13,13,1,./data/48.jpg,1213,1016
627,49,13,13,1,./data/49.jpg,1223,1016
642,50,13,13,1,./data/50.jpg,1227,1019
657,51,13,13,1,./data/51.jpg,1227,1019
672,52,13,13,1,./data/52.jpg,1227,1019
687,53,13,13,1,./data/53.jpg,1227,1019
702,54,13,13,1,./data/54.jpg,1227,1016
717,55,13,13,1,./data/55.jpg,1223,1016
732,56,13,13,1,./data/56.jpg,1223,1012
747,57,13,13,1,./data/57.jpg,1220,1012
762,58,13,13,1,./data/58.jpg,1220,1012
777,59,13,13,1,./data/59.jpg,1217,1012
792,60,13,12,1,./data/60.jpg,1217,1009
807,61,13,11,1,./data/61.jpg,1213,1009
13,8,14,14,1,./data/8.jpg,797,256
28,9,14,14,1,./data/9.jpg,800,260
43,10,14,14,1,./data/10.jpg,800,260
58,11,14,14,1,./data/11.jpg,800,260
73,12,14,14,1,./data/12.jpg,800,263
88,13,14,14,1,./data/13.jpg,797,263
103,14,14,14,1,./data/14.jpg,797,263
118,15,14,14,1,./data/15.jpg,790,263
133,16,14,14,1,./data/16.jpg,787,263
148,17,14,14,1,./data/17.jpg,783,263
163,18,14,14,1,./data/18.jpg,783,263
178,19,14,14,1,./data/19.jpg,780,260
193,20,14,14,1,./data/20.jpg,777,260
208,21,14,14,1,./data/21.jpg,773,260
223,22,14,13,1,./data/22.jpg,770,260
238,23,14,14,1,./data/23.jpg,763,260
253,24,14,14,1,./data/24.jpg,760,260
268,25,14,14,1,./data/25.jpg,760,260
283,26,14,14,1,./data/26.jpg,757,263
298,27,14,14,1,./data/27.jpg,757,267
313,28,14,14,1,./data/28.jpg,753,270
328,29,14,14,1,./data/29.jpg,753,280
343,30,14,14,1,./data/30.jpg,753,284
358,31,14,14,1,./data/31.jpg,750,290
373,32,14,14,1,./data/32.jpg,750,300
388,33,14,14,1,./data/33.jpg,750,307
403,34,14,14,1,./data/34.jpg,750,310
418,35,14,14,1,./data/35.jpg,750,314
433,36,14,14,1,./data/36.jpg,757,317
448,37,14,14,1,./data/37.jpg,760,324
463,38,14,14,1,./data/38.jpg,773,327
478,39,14,14,1,./data/39.jpg,783,327
493,40,14,14,1,./data/40.jpg,800,327
508,41,14,14,1,./data/41.jpg,820,327
523,42,14,14,1,./data/42.jpg,843,321
538,43,14,14,1,./data/43.jpg,873,317
553,44,14,14,1,./data/44.jpg,903,310
568,45,14,14,1,./data/45.jpg,940,304
583,46,14,14,1,./data/46.jpg,977,297
598,47,14,14,1,./data/47.jpg,1017,294
613,48,14,14,1,./data/48.jpg,1060,297
628,49,14,14,1,./data/49.jpg,1093,307
643,50,14,14,1,./data/50.jpg,1130,314
658,51,14,14,1,./data/51.jpg,1157,310
673,52,14,14,1,./data/52.jpg,1190,334
688,53,14,14,1,./data/53.jpg,1227,344
703,54,14,14,1,./data/54.jpg,1253,354
718,55,14,14,1,./data/55.jpg,1277,358
733,56,14,14,1,./data/56.jpg,1300,361
748,57,14,14,1,./data/57.jpg,1323,364
763,58,14,14,1,./data/58.jpg,1347,375
778,59,14,14,1,./data/59.jpg,1367,385
793,60,14,13,1,./data/60.jpg,1387,392
808,61,14,12,1,./data/61.jpg,1397,402
14,8,15,15,1,./data/8.jpg,830,260
29,9,15,15,1,./data/9.jpg,830,260
44,10,15,15,1,./data/10.jpg,830,263
59,11,15,15,1,./data/11.jpg,830,263
74,12,15,15,1,./data/12.jpg,830,267
89,13,15,15,1,./data/13.jpg,827,267
104,14,15,15,1,./data/14.jpg,827,267
119,15,15,15,1,./data/15.jpg,823,267
134,16,15,15,1,./data/16.jpg,820,267
149,17,15,15,1,./data/17.jpg,813,267
164,18,15,15,1,./data/18.jpg,810,267
179,19,15,15,1,./data/19.jpg,807,267
194,20,15,15,1,./data/20.jpg,803,263
209,21,15,15,1,./data/21.jpg,800,263
224,22,15,14,1,./data/22.jpg,797,263
239,23,15,15,1,./data/23.jpg,790,263
254,24,15,15,1,./data/24.jpg,787,263
269,25,15,15,1,./data/25.jpg,783,263
284,26,15,15,1,./data/26.jpg,783,263
299,27,15,15,1,./data/27.jpg,780,267
314,28,15,15,1,./data/28.jpg,780,277
329,29,15,15,1,./data/29.jpg,777,284
344,30,15,15,1,./data/30.jpg,777,287
359,31,15,15,1,./data/31.jpg,777,294
374,32,15,15,1,./data/32.jpg,777,304
389,33,15,15,1,./data/33.jpg,777,310
404,34,15,15,1,./data/34.jpg,777,310
419,35,15,15,1,./data/35.jpg,777,317
434,36,15,15,1,./data/36.jpg,780,324
449,37,15,15,1,./data/37.jpg,787,327
464,38,15,15,1,./data/38.jpg,800,331
479,39,15,15,1,./data/39.jpg,807,331
494,40,15,15,1,./data/40.jpg,827,327
509,41,15,15,1,./data/41.jpg,847,327
524,42,15,15,1,./data/42.jpg,867,321
539,43,15,15,1,./data/43.jpg,893,317
554,44,15,15,1,./data/44.jpg,923,310
569,45,15,15,1,./data/45.jpg,953,307
584,46,15,15,1,./data/46.jpg,993,297
599,47,15,15,1,./data/47.jpg,1033,297
614,48,15,15,1,./data/48.jpg,1067,300
629,49,15,15,1,./data/48.jpg,1067,300
644,50,15,15,1,./data/48.jpg,1067,300
659,51,15,15,1,./data/48.jpg,1067,300
674,52,15,15,1,./data/48.jpg,1067,300
689,53,15,15,1,./data/48.jpg,1067,300
704,54,15,15,1,./data/48.jpg,1067,300
719,55,15,15,1,./data/48.jpg,1067,300
734,56,15,15,1,./data/48.jpg,1067,300
749,57,15,15,1,./data/48.jpg,1067,300
764,58,15,15,1,./data/48.jpg,1067,300
779,59,15,15,1,./data/48.jpg,1067,300
794,60,15,15,1,./data/48.jpg,1067,300
809,61,15,15,1,./data/48.jpg,1067,300
0,290,0,0,1,./data/290.jpg,830,219
15,291,0,0,1,./data/291.jpg,827,223
30,292,0,0,1,./data/292.jpg,823,226
45,293,0,0,1,./data/293.jpg,817,226
60,294,0,0,1,./data/294.jpg,810,226
75,295,0,0,1,./data/295.jpg,807,226
90,296,0,0,1,./data/296.jpg,803,223
105,297,0,0,1,./data/297.jpg,800,223
120,298,0,0,1,./data/298.jpg,793,219
135,299,0,0,1,./data/299.jpg,787,219
150,300,0,0,1,./data/300.jpg,783,219
165,301,0,0,1,./data/301.jpg,780,219
180,302,0,0,1,./data/302.jpg,777,226
195,303,0,0,1,./data/303.jpg,773,233
210,304,0,0,1,./data/304.jpg,763,240
225,305,0,0,1,./data/305.jpg,760,253
240,306,0,0,1,./data/306.jpg,760,260
255,307,0,0,1,./data/307.jpg,757,267
270,308,0,0,1,./data/308.jpg,757,280
285,309,0,0,1,./data/309.jpg,757,287
300,310,0,0,1,./data/310.jpg,757,294
315,311,0,0,1,./data/311.jpg,763,307
330,312,0,0,1,./data/312.jpg,773,310
345,313,0,0,1,./data/313.jpg,780,314
360,314,0,0,1,./data/314.jpg,800,321
375,315,0,0,1,./data/315.jpg,817,321
390,316,0,0,1,./data/316.jpg,840,321
405,317,0,0,1,./data/317.jpg,870,317
420,318,0,0,1,./data/318.jpg,903,310
435,319,0,0,1,./data/319.jpg,943,307
450,320,0,0,1,./data/320.jpg,987,294
465,321,0,0,1,./data/321.jpg,1030,290
480,322,0,0,1,./data/322.jpg,1073,290
495,323,0,0,1,./data/323.jpg,1120,294
510,324,0,0,1,./data/324.jpg,1160,307
525,325,0,0,1,./data/325.jpg,1200,317
540,326,0,0,1,./data/326.jpg,1230,321
555,327,0,0,1,./data/327.jpg,1260,331
570,328,0,0,1,./data/328.jpg,1297,348
585,329,0,0,1,./data/329.jpg,1310,351
600,330,0,0,1,./data/330.jpg,1327,351
615,331,0,0,1,./data/331.jpg,1350,348
630,332,0,0,1,./data/332.jpg,1370,348
645,333,0,0,1,./data/333.jpg,1383,354
660,334,0,0,1,./data/334.jpg,1397,358
675,335,0,0,1,./data/335.jpg,1407,361
690,336,0,0,1,./data/336.jpg,1417,361
1,290,2,2,1,./data/290.jpg,723,334
16,291,2,2,1,./data/291.jpg,720,334
31,292,2,2,1,./data/292.jpg,713,334
46,293,2,2,1,./data/293.jpg,710,334
61,294,2,2,1,./data/294.jpg,710,331
76,295,2,2,1,./data/295.jpg,703,327
91,296,2,2,1,./data/296.jpg,697,321
106,297,2,2,1,./data/297.jpg,693,317
121,298,2,2,1,./data/298.jpg,687,317
136,299,2,2,1,./data/299.jpg,687,310
151,300,2,2,1,./data/300.jpg,683,314
166,301,2,2,1,./data/301.jpg,683,314
181,302,2,2,1,./data/302.jpg,680,321
196,303,2,2,1,./data/303.jpg,670,331
211,304,2,2,1,./data/304.jpg,663,338
226,305,2,2,1,./data/305.jpg,663,351
241,306,2,2,1,./data/306.jpg,663,361
256,307,2,2,1,./data/307.jpg,663,375
271,308,2,2,1,./data/308.jpg,663,385
286,309,2,2,1,./data/309.jpg,663,395
301,310,2,2,1,./data/310.jpg,667,405
316,311,2,2,1,./data/311.jpg,673,415
331,312,2,2,1,./data/312.jpg,683,429
346,313,2,2,1,./data/313.jpg,687,432
361,314,2,2,1,./data/314.jpg,703,435
376,315,2,2,1,./data/315.jpg,713,435
391,316,2,2,1,./data/316.jpg,733,435
406,317,2,2,1,./data/317.jpg,757,432
421,318,2,2,1,./data/318.jpg,783,418
436,319,2,2,1,./data/319.jpg,817,408
451,320,2,2,1,./data/320.jpg,860,402
466,321,2,2,1,./data/321.jpg,900,392
481,322,2,2,1,./data/322.jpg,943,388
496,323,2,2,1,./data/323.jpg,993,385
511,324,2,2,1,./data/324.jpg,1050,392
526,325,2,2,1,./data/325.jpg,1110,405
541,326,2,2,1,./data/326.jpg,1173,385
556,327,2,2,1,./data/327.jpg,1207,388
571,328,2,2,1,./data/328.jpg,1240,395
586,329,2,2,1,./data/329.jpg,1273,402
601,330,2,2,1,./data/330.jpg,1297,412
616,331,2,2,1,./data/331.jpg,1320,425
631,332,2,2,1,./data/332.jpg,1337,439
646,333,2,2,1,./data/333.jpg,1347,446
661,334,2,2,1,./data/334.jpg,1353,442
676,335,2,2,1,./data/335.jpg,1360,442
691,336,2,2,1,./data/336.jpg,1370,439
2,290,3,3,1,./data/290.jpg,703,449
17,291,3,3,1,./data/291.jpg,693,446
32,292,3,3,1,./data/292.jpg,690,442
47,293,3,3,1,./data/293.jpg,687,452
62,294,3,3,1,./data/294.jpg,677,452
77,295,3,3,1,./data/295.jpg,667,452
92,296,3,3,1,./data/296.jpg,657,446
107,297,3,3,1,./data/297.jpg,647,435
122,298,3,3,1,./data/298.jpg,643,429
137,299,3,3,1,./data/299.jpg,643,402
152,300,3,3,1,./data/300.jpg,640,398
167,301,3,3,1,./data/301.jpg,637,398
182,302,3,3,1,./data/302.jpg,633,405
197,303,3,3,1,./data/303.jpg,630,422
212,304,3,3,1,./data/304.jpg,633,432
227,305,3,3,1,./data/305.jpg,633,446
242,306,3,3,1,./data/306.jpg,637,459
257,307,3,3,1,./data/307.jpg,640,476
272,308,3,3,1,./data/308.jpg,640,493
287,309,3,3,1,./data/309.jpg,643,503
302,310,3,3,1,./data/310.jpg,647,523
317,311,3,3,1,./data/311.jpg,653,540
332,312,3,3,1,./data/312.jpg,657,550
347,313,3,3,1,./data/313.jpg,660,554
362,314,3,3,1,./data/314.jpg,663,554
377,315,3,3,1,./data/315.jpg,670,547
392,316,3,3,1,./data/316.jpg,683,537
407,317,3,3,1,./data/317.jpg,693,520
422,318,3,3,1,./data/318.jpg,717,496
437,319,3,3,1,./data/319.jpg,737,469
452,320,3,3,1,./data/320.jpg,770,449
467,321,3,3,1,./data/321.jpg,807,432
482,322,3,3,1,./data/322.jpg,830,432
497,323,3,3,1,./data/323.jpg,877,402
512,324,3,3,1,./data/324.jpg,987,334
527,325,3,3,1,./data/325.jpg,1130,277
542,326,3,3,1,./data/326.jpg,1257,287
557,327,3,3,1,./data/327.jpg,1333,304
572,328,3,3,1,./data/328.jpg,1387,364
587,329,3,3,1,./data/329.jpg,1403,452
602,330,3,3,1,./data/330.jpg,1390,520
617,331,3,3,1,./data/331.jpg,1347,557
632,332,3,3,1,./data/332.jpg,1300,570
647,333,3,3,1,./data/333.jpg,1277,564
662,334,3,3,1,./data/334.jpg,1287,533
677,335,3,3,1,./data/335.jpg,1283,530
692,336,3,3,1,./data/336.jpg,1297,530
3,290,4,4,1,./data/290.jpg,710,479
18,291,4,4,1,./data/291.jpg,700,469
33,292,4,4,1,./data/292.jpg,690,459
48,293,4,4,1,./data/293.jpg,683,452
63,294,4,4,1,./data/294.jpg,667,442
78,295,4,4,1,./data/295.jpg,660,432
93,296,4,4,1,./data/296.jpg,643,415
108,297,4,4,1,./data/297.jpg,633,408
123,298,4,4,1,./data/298.jpg,620,405
138,299,4,4,1,./data/299.jpg,620,405
153,300,4,4,1,./data/300.jpg,613,415
168,301,4,4,1,./data/301.jpg,603,429
183,302,4,4,1,./data/302.jpg,593,452
198,303,4,4,1,./data/303.jpg,593,476
213,304,4,4,1,./data/304.jpg,593,500
228,305,4,4,1,./data/305.jpg,600,526
243,306,4,4,1,./data/306.jpg,610,554
258,307,4,4,1,./data/307.jpg,617,577
273,308,4,4,1,./data/308.jpg,617,601
288,309,4,4,1,./data/309.jpg,620,621
303,310,4,4,1,./data/310.jpg,623,634
318,311,4,4,1,./data/311.jpg,627,651
333,312,4,4,1,./data/312.jpg,633,662
348,313,4,4,1,./data/313.jpg,640,662
363,314,4,4,1,./data/314.jpg,643,658
378,315,4,4,1,./data/315.jpg,653,645
393,316,4,4,1,./data/316.jpg,660,631
408,317,4,4,1,./data/317.jpg,670,614
423,318,4,4,1,./data/318.jpg,687,580
438,319,4,4,1,./data/319.jpg,700,550
453,320,4,4,1,./data/320.jpg,720,506
468,321,4,4,1,./data/321.jpg,757,446
483,322,4,4,1,./data/322.jpg,810,381
498,323,4,4,1,./data/323.jpg,877,280
513,324,4,4,1,./data/324.jpg,987,196
528,325,4,4,1,./data/325.jpg,1127,162
543,326,4,4,1,./data/326.jpg,1293,172
558,327,4,4,1,./data/327.jpg,1433,236
573,328,4,4,1,./data/328.jpg,1493,358
588,329,4,4,1,./data/329.jpg,1493,479
603,330,4,4,1,./data/330.jpg,1443,587
618,331,4,4,1,./data/331.jpg,1363,648
633,332,4,4,1,./data/332.jpg,1273,668
648,333,4,4,1,./data/333.jpg,1227,621
663,334,4,4,1,./data/334.jpg,1250,574
678,335,4,4,1,./data/335.jpg,1253,560
693,336,4,4,1,./data/336.jpg,1260,564
4,290,5,5,1,./data/290.jpg,863,317
19,291,5,5,1,./data/291.jpg,853,317
34,292,5,5,1,./data/292.jpg,850,317
49,293,5,5,1,./data/293.jpg,843,317
64,294,5,5,1,./data/294.jpg,833,314
79,295,5,5,1,./data/295.jpg,830,310
94,296,5,5,1,./data/296.jpg,823,307
109,297,5,5,1,./data/297.jpg,813,300
124,298,5,5,1,./data/298.jpg,810,294
139,299,5,5,1,./data/299.jpg,803,290
154,300,5,5,1,./data/300.jpg,800,287
169,301,5,5,1,./data/301.jpg,797,290
184,302,5,5,1,./data/302.jpg,787,294
199,303,5,5,1,./data/303.jpg,783,307
214,304,5,5,1,./data/304.jpg,780,310
229,305,5,5,1,./data/305.jpg,777,317
244,306,5,5,1,./data/306.jpg,777,331
259,307,5,5,1,./data/307.jpg,777,334
274,308,5,5,1,./data/308.jpg,777,341
289,309,5,5,1,./data/309.jpg,780,354
304,310,5,5,1,./data/310.jpg,783,361
319,311,5,5,1,./data/311.jpg,793,371
334,312,5,5,1,./data/312.jpg,800,378
349,313,5,5,1,./data/313.jpg,810,385
364,314,5,5,1,./data/314.jpg,827,388
379,315,5,5,1,./data/315.jpg,850,388
394,316,5,5,1,./data/316.jpg,873,388
409,317,5,5,1,./data/317.jpg,900,385
424,318,5,5,1,./data/318.jpg,930,378
439,319,5,5,1,./data/319.jpg,963,371
454,320,5,5,1,./data/320.jpg,1003,371
469,321,5,5,1,./data/321.jpg,1040,381
484,322,5,5,1,./data/322.jpg,1080,392
499,323,5,5,1,./data/323.jpg,1110,418
514,324,5,5,1,./data/324.jpg,1130,432
529,325,5,5,1,./data/325.jpg,1147,408
544,326,5,5,1,./data/326.jpg,1117,425
559,327,5,5,1,./data/327.jpg,1133,429
574,328,5,5,1,./data/328.jpg,1143,425
589,329,5,5,1,./data/329.jpg,1157,412
604,330,5,5,1,./data/330.jpg,1167,405
619,331,5,5,1,./data/331.jpg,1183,398
634,332,5,5,1,./data/332.jpg,1207,385
649,333,5,5,1,./data/333.jpg,1217,381
664,334,5,5,1,./data/334.jpg,1230,375
679,335,5,5,1,./data/335.jpg,1237,364
694,336,5,5,1,./data/336.jpg,1247,361
5,290,6,6,1,./data/290.jpg,893,435
20,291,6,6,1,./data/291.jpg,880,435
35,292,6,6,1,./data/292.jpg,873,439
50,293,6,6,1,./data/293.jpg,857,435
65,294,6,6,1,./data/294.jpg,850,429
80,295,6,6,1,./data/295.jpg,833,422
95,296,6,6,1,./data/296.jpg,823,412
110,297,6,6,1,./data/297.jpg,810,405
125,298,6,6,1,./data/298.jpg,803,392
140,299,6,6,1,./data/299.jpg,787,388
155,300,6,6,1,./data/300.jpg,777,385
170,301,6,6,1,./data/301.jpg,763,385
185,302,6,6,1,./data/302.jpg,753,385
200,303,6,6,1,./data/303.jpg,740,398
215,304,6,6,1,./data/304.jpg,743,398
230,305,6,6,1,./data/305.jpg,743,405
245,306,6,6,1,./data/306.jpg,750,415
260,307,6,6,1,./data/307.jpg,757,425
275,308,6,6,1,./data/308.jpg,780,429
290,309,6,6,1,./data/309.jpg,800,439
305,310,6,6,1,./data/310.jpg,827,449
320,311,6,6,1,./data/311.jpg,853,435
335,312,6,6,1,./data/312.jpg,877,429
350,313,6,6,1,./data/313.jpg,903,415
365,314,6,6,1,./data/314.jpg,930,405
380,315,6,6,1,./data/315.jpg,960,385
395,316,6,6,1,./data/316.jpg,993,378
410,317,6,6,1,./data/317.jpg,1020,364
425,318,6,6,1,./data/318.jpg,1053,358
440,319,6,6,1,./data/319.jpg,1077,375
455,320,6,6,1,./data/320.jpg,1093,405
470,321,6,6,1,./data/321.jpg,1087,435
485,322,6,6,1,./data/322.jpg,1087,479
500,323,6,6,1,./data/323.jpg,1090,526
515,324,6,6,1,./data/324.jpg,1113,570
530,325,6,6,1,./data/324.jpg,1113,570
545,326,6,6,1,./data/326.jpg,1047,550
560,327,6,6,1,./data/327.jpg,1060,537
575,328,6,6,1,./data/328.jpg,1067,520
590,329,6,6,1,./data/329.jpg,1077,503
605,330,6,6,1,./data/330.jpg,1087,479
620,331,6,6,1,./data/331.jpg,1093,456
635,332,6,6,1,./data/332.jpg,1110,435
650,333,6,6,1,./data/333.jpg,1130,412
665,334,6,6,1,./data/334.jpg,1140,402
680,335,6,6,1,./data/335.jpg,1153,392
695,336,6,6,1,./data/336.jpg,1160,385
6,290,7,7,1,./data/290.jpg,807,472
21,291,7,7,1,./data/291.jpg,797,456
36,292,7,7,1,./data/292.jpg,783,442
51,293,7,7,1,./data/293.jpg,760,429
66,294,7,7,1,./data/294.jpg,750,408
81,295,7,7,1,./data/295.jpg,733,398
96,296,7,7,1,./data/296.jpg,720,385
111,297,7,7,1,./data/297.jpg,707,381
126,298,7,7,1,./data/298.jpg,690,385
141,299,7,7,1,./data/299.jpg,680,388
156,300,7,7,1,./data/300.jpg,663,405
171,301,7,7,1,./data/301.jpg,663,422
186,302,7,7,1,./data/302.jpg,663,442
201,303,7,7,1,./data/303.jpg,663,466
216,304,7,7,1,./data/304.jpg,680,486
231,305,7,7,1,./data/305.jpg,693,503
246,306,7,7,1,./data/306.jpg,717,520
261,307,7,7,1,./data/307.jpg,740,543
276,308,7,7,1,./data/308.jpg,780,540
291,309,7,7,1,./data/309.jpg,827,537
306,310,7,7,1,./data/310.jpg,873,537
321,311,7,7,1,./data/311.jpg,917,510
336,312,7,7,1,./data/312.jpg,960,479
351,313,7,7,1,./data/313.jpg,1010,456
366,314,7,7,1,./data/314.jpg,1047,425
381,315,7,7,1,./data/315.jpg,1083,398
396,316,7,7,1,./data/316.jpg,1117,381
411,317,7,7,1,./data/317.jpg,1140,378
426,318,7,7,1,./data/318.jpg,1160,381
441,319,7,7,1,./data/319.jpg,1170,402
456,320,7,7,1,./data/320.jpg,1180,435
471,321,7,7,1,./data/321.jpg,1160,483
486,322,7,7,1,./data/322.jpg,1153,520
501,323,7,7,1,./data/323.jpg,1140,550
516,324,7,7,1,./data/324.jpg,1157,570
531,325,7,7,1,./data/324.jpg,1157,570
546,326,7,7,1,./data/326.jpg,1110,564
561,327,7,7,1,./data/327.jpg,1113,570
576,328,7,7,1,./data/328.jpg,1120,530
591,329,7,7,1,./data/329.jpg,1130,547
606,330,7,7,1,./data/330.jpg,1140,547
621,331,7,7,1,./data/331.jpg,1140,533
636,332,7,7,1,./data/332.jpg,1147,526
651,333,7,7,1,./data/333.jpg,1153,506
666,334,7,7,1,./data/334.jpg,1150,472
681,335,7,7,1,./data/335.jpg,1160,459
696,336,7,7,1,./data/336.jpg,1160,456
7,290,8,8,1,./data/290.jpg,733,580
22,291,8,8,1,./data/291.jpg,727,577
37,292,8,8,1,./data/292.jpg,717,574
52,293,8,8,1,./data/293.jpg,710,570
67,294,8,8,1,./data/294.jpg,707,567
82,295,8,8,1,./data/295.jpg,700,567
97,296,8,8,1,./data/296.jpg,703,567
112,297,8,8,1,./data/297.jpg,707,564
127,298,8,8,1,./data/298.jpg,707,560
142,299,8,8,1,./data/299.jpg,710,554
157,300,8,8,1,./data/300.jpg,720,557
172,301,8,8,1,./data/301.jpg,730,557
187,302,8,8,1,./data/302.jpg,737,557
202,303,8,8,1,./data/303.jpg,743,567
217,304,8,8,1,./data/304.jpg,747,570
232,305,8,8,1,./data/305.jpg,750,577
247,306,8,8,1,./data/306.jpg,747,584
262,307,8,8,1,./data/307.jpg,753,597
277,308,8,8,1,./data/308.jpg,760,597
292,309,8,8,1,./data/309.jpg,763,608
307,310,8,8,1,./data/310.jpg,763,621
322,311,8,8,1,./data/311.jpg,767,624
337,312,8,8,1,./data/312.jpg,770,641
352,313,8,8,1,./data/313.jpg,777,648
367,314,8,8,1,./data/314.jpg,783,655
382,315,8,8,1,./data/315.jpg,793,662
397,316,8,8,1,./data/316.jpg,807,668
412,317,8,8,1,./data/317.jpg,827,668
427,318,8,8,1,./data/318.jpg,843,668
442,319,8,8,1,./data/319.jpg,867,668
457,320,8,8,1,./data/320.jpg,893,665
472,321,8,8,1,./data/321.jpg,920,658
487,322,8,8,1,./data/322.jpg,950,658
502,323,8,8,1,./data/323.jpg,987,662
517,324,8,8,1,./data/324.jpg,1013,662
532,325,8,6,1,./data/325.jpg,1040,658
547,326,8,8,1,./data/326.jpg,1057,655
562,327,8,8,1,./data/327.jpg,1070,658
577,328,8,8,1,./data/328.jpg,1090,648
592,329,8,8,1,./data/329.jpg,1110,638
607,330,8,8,1,./data/330.jpg,1130,628
622,331,8,8,1,./data/331.jpg,1153,618
637,332,8,8,1,./data/332.jpg,1167,604
652,333,8,8,1,./data/333.jpg,1183,601
667,334,8,8,1,./data/334.jpg,1190,591
682,335,8,8,1,./data/335.jpg,1190,614
697,336,8,8,1,./data/336.jpg,1203,614
8,290,9,9,1,./data/290.jpg,707,786
23,291,9,9,1,./data/291.jpg,693,790
38,292,9,9,1,./data/292.jpg,690,790
53,293,9,9,1,./data/293.jpg,690,786
68,294,9,9,1,./data/294.jpg,687,783
83,295,9,9,1,./data/295.jpg,683,780
98,296,9,9,1,./data/296.jpg,687,780
113,297,9,9,1,./data/297.jpg,687,786
128,298,9,9,1,./data/298.jpg,687,783
143,299,9,9,1,./data/299.jpg,687,776
158,300,9,9,1,./data/300.jpg,693,753
173,301,9,9,1,./data/301.jpg,690,742
188,302,9,9,1,./data/302.jpg,683,732
203,303,9,9,1,./data/303.jpg,680,726
218,304,9,9,1,./data/304.jpg,693,736
233,305,9,9,1,./data/305.jpg,693,739
248,306,9,9,1,./data/306.jpg,697,746
263,307,9,9,1,./data/307.jpg,687,770
278,308,9,9,1,./data/308.jpg,670,796
293,309,9,9,1,./data/309.jpg,677,807
308,310,9,9,1,./data/310.jpg,680,807
323,311,9,9,1,./data/311.jpg,687,803
338,312,9,9,1,./data/312.jpg,687,807
353,313,9,9,1,./data/313.jpg,687,810
368,314,9,9,1,./data/314.jpg,687,817
383,315,9,9,1,./data/315.jpg,690,820
398,316,9,9,1,./data/316.jpg,700,827
413,317,9,9,1,./data/317.jpg,710,827
428,318,9,9,1,./data/318.jpg,723,834
443,319,9,9,1,./data/319.jpg,743,837
458,320,9,9,1,./data/320.jpg,770,840
473,321,9,9,1,./data/321.jpg,803,837
488,322,9,9,1,./data/322.jpg,847,820
503,323,9,9,1,./data/323.jpg,867,820
518,324,9,9,1,./data/324.jpg,893,827
533,325,9,7,1,./data/325.jpg,927,837
548,326,9,9,1,./data/326.jpg,967,847
563,327,9,9,1,./data/327.jpg,997,861
578,328,9,9,1,./data/328.jpg,1023,844
593,329,9,9,1,./data/329.jpg,1047,834
608,330,9,9,1,./data/330.jpg,1053,817
623,331,9,9,1,./data/331.jpg,1063,793
638,332,9,9,1,./data/332.jpg,1070,766
653,333,9,9,1,./data/333.jpg,1087,742
668,334,9,9,1,./data/334.jpg,1113,716
683,335,9,9,1,./data/335.jpg,1220,770
698,336,9,9,1,./data/336.jpg,1217,770
9,290,10,10,1,./data/290.jpg,687,952
24,291,10,10,1,./data/291.jpg,687,952
39,292,10,10,1,./data/292.jpg,687,952
54,293,10,10,1,./data/293.jpg,687,952
69,294,10,10,1,./data/294.jpg,687,952
84,295,10,10,1,./data/295.jpg,687,952
99,296,10,10,1,./data/296.jpg,687,952
114,297,10,10,1,./data/297.jpg,687,955
129,298,10,10,1,./data/298.jpg,687,952
144,299,10,10,1,./data/299.jpg,687,955
159,300,10,10,1,./data/300.jpg,687,955
174,301,10,10,1,./data/301.jpg,687,955
189,302,10,10,1,./data/302.jpg,693,938
204,303,10,10,1,./data/303.jpg,700,918
219,304,10,10,1,./data/304.jpg,683,918
234,305,10,10,1,./data/305.jpg,683,928
249,306,10,10,1,./data/306.jpg,687,942
264,307,10,10,1,./data/307.jpg,687,942
279,308,10,10,1,./data/308.jpg,687,928
294,309,10,10,1,./data/309.jpg,690,948
309,310,10,10,1,./data/310.jpg,707,962
324,311,10,10,1,./data/311.jpg,690,958
339,312,10,10,1,./data/312.jpg,690,958
354,313,10,10,1,./data/313.jpg,690,955
369,314,10,10,1,./data/314.jpg,690,955
384,315,10,10,1,./data/315.jpg,690,955
399,316,10,10,1,./data/316.jpg,690,955
414,317,10,10,1,./data/317.jpg,690,955
429,318,10,10,1,./data/318.jpg,690,958
444,319,10,10,1,./data/319.jpg,690,955
459,320,10,10,1,./data/320.jpg,690,948
474,321,10,10,1,./data/321.jpg,690,932
489,322,10,10,1,./data/322.jpg,703,911
504,323,10,10,1,./data/323.jpg,720,908
519,324,10,10,1,./data/324.jpg,733,904
534,325,10,8,1,./data/325.jpg,760,898
549,326,10,10,1,./data/326.jpg,787,898
564,327,10,10,1,./data/327.jpg,820,891
579,328,10,10,1,./data/328.jpg,833,881
594,329,10,10,1,./data/329.jpg,847,854
609,330,10,10,1,./data/330.jpg,850,807
624,331,10,10,1,./data/331.jpg,853,746
639,332,10,10,1,./data/332.jpg,877,672
654,333,10,10,1,./data/333.jpg,927,597
669,334,10,10,1,./data/334.jpg,993,537
684,335,10,10,1,./data/335.jpg,1227,975
699,336,10,10,1,./data/336.jpg,1227,972
10,290,11,11,1,./data/290.jpg,827,580
25,291,11,11,1,./data/291.jpg,823,580
40,292,11,11,1,./data/292.jpg,810,574
55,293,11,11,1,./data/293.jpg,800,574
70,294,11,11,1,./data/294.jpg,797,570
85,295,11,11,1,./data/295.jpg,783,567
100,296,11,11,1,./data/296.jpg,783,564
115,297,11,11,1,./data/297.jpg,780,564
130,298,11,11,1,./data/298.jpg,780,557
145,299,11,11,1,./data/299.jpg,783,550
160,300,11,11,1,./data/300.jpg,783,557
175,301,11,11,1,./data/301.jpg,790,554
190,302,11,11,1,./data/302.jpg,797,554
205,303,11,11,1,./data/303.jpg,800,560
220,304,11,11,1,./data/304.jpg,803,564
235,305,11,11,1,./data/305.jpg,810,574
250,306,11,11,1,./data/306.jpg,813,577
265,307,11,11,1,./data/307.jpg,827,584
280,308,11,11,1,./data/308.jpg,830,591
295,309,11,11,1,./data/309.jpg,833,597
310,310,11,11,1,./data/310.jpg,840,611
325,311,11,11,1,./data/311.jpg,850,614
340,312,11,11,1,./data/312.jpg,853,621
355,313,11,11,1,./data/313.jpg,857,631
370,314,11,11,1,./data/314.jpg,873,641
385,315,11,11,1,./data/315.jpg,883,648
400,316,11,11,1,./data/316.jpg,900,651
415,317,11,11,1,./data/317.jpg,923,655
430,318,11,11,1,./data/318.jpg,943,658
445,319,11,11,1,./data/319.jpg,967,658
460,320,11,11,1,./data/320.jpg,990,658
475,321,11,11,1,./data/321.jpg,1017,655
490,322,11,11,1,./data/322.jpg,1040,658
505,323,11,11,1,./data/323.jpg,1067,665
520,324,11,11,1,./data/324.jpg,1087,668
535,325,11,9,1,./data/325.jpg,1097,668
550,326,11,11,1,./data/326.jpg,1093,662
565,327,11,11,1,./data/327.jpg,1073,645
580,328,11,11,1,./data/328.jpg,1080,631
595,329,11,11,1,./data/329.jpg,1087,614
610,330,11,11,1,./data/330.jpg,1097,604
625,331,11,11,1,./data/331.jpg,1113,594
640,332,11,11,1,./data/332.jpg,1120,574
655,333,11,11,1,./data/333.jpg,1127,570
670,334,11,11,1,./data/334.jpg,1137,554
685,335,11,11,1,./data/335.jpg,1137,564
700,336,11,11,1,./data/336.jpg,1143,574
11,290,12,12,1,./data/290.jpg,870,780
26,291,12,12,1,./data/291.jpg,867,786
41,292,12,12,1,./data/292.jpg,853,790
56,293,12,12,1,./data/293.jpg,843,786
71,294,12,12,1,./data/294.jpg,827,786
86,295,12,12,1,./data/295.jpg,800,776
101,296,12,12,1,./data/296.jpg,780,773
116,297,12,12,1,./data/297.jpg,757,770
131,298,12,12,1,./data/298.jpg,733,759
146,299,12,12,1,./data/299.jpg,717,746
161,300,12,12,1,./data/300.jpg,697,746
176,301,12,12,1,./data/301.jpg,690,739
191,302,12,12,1,./data/302.jpg,687,732
206,303,12,12,1,./data/303.jpg,687,729
221,304,12,12,1,./data/304.jpg,687,729
236,305,12,12,1,./data/305.jpg,693,736
251,306,12,12,1,./data/306.jpg,710,742
266,307,12,12,1,./data/307.jpg,717,756
281,308,12,12,1,./data/308.jpg,733,756
296,309,12,12,1,./data/309.jpg,740,759
311,310,12,12,1,./data/310.jpg,760,766
326,311,12,12,1,./data/311.jpg,783,773
341,312,12,12,1,./data/312.jpg,807,783
356,313,12,12,1,./data/313.jpg,840,790
371,314,12,12,1,./data/314.jpg,877,800
386,315,12,12,1,./data/315.jpg,920,803
401,316,12,12,1,./data/316.jpg,963,810
416,317,12,12,1,./data/317.jpg,1013,807
431,318,12,12,1,./data/318.jpg,1057,800
446,319,12,12,1,./data/319.jpg,1093,793
461,320,12,12,1,./data/320.jpg,1127,790
476,321,12,12,1,./data/321.jpg,1157,786
491,322,12,12,1,./data/322.jpg,1180,783
506,323,12,12,1,./data/323.jpg,1200,783
521,324,12,12,1,./data/324.jpg,1210,783
536,325,12,10,1,./data/325.jpg,1217,783
551,326,12,12,1,./data/326.jpg,1217,783
566,327,12,12,1,./data/327.jpg,1217,783
581,328,12,12,1,./data/328.jpg,1220,783
596,329,12,12,1,./data/329.jpg,1227,780
611,330,12,12,1,./data/330.jpg,1227,776
626,331,12,12,1,./data/331.jpg,1230,776
641,332,12,12,1,./data/332.jpg,1230,770
656,333,12,12,1,./data/333.jpg,1230,766
671,334,12,12,1,./data/334.jpg,1227,766
686,335,12,12,1,./data/335.jpg,1227,766
701,336,12,12,1,./data/336.jpg,1220,770
12,290,13,13,1,./data/290.jpg,910,962
27,291,13,13,1,./data/291.jpg,910,962
42,292,13,13,1,./data/292.jpg,910,962
57,293,13,13,1,./data/293.jpg,910,962
72,294,13,13,1,./data/294.jpg,910,955
87,295,13,13,1,./data/295.jpg,903,942
102,296,13,13,1,./data/296.jpg,890,928
117,297,13,13,1,./data/297.jpg,873,915
132,298,13,13,1,./data/298.jpg,850,908
147,299,13,13,1,./data/299.jpg,827,908
162,300,13,13,1,./data/300.jpg,797,908
177,301,13,13,1,./data/301.jpg,770,915
192,302,13,13,1,./data/302.jpg,737,925
207,303,13,13,1,./data/303.jpg,707,932
222,304,13,13,1,./data/304.jpg,680,938
237,305,13,13,1,./data/305.jpg,660,935
252,306,13,13,1,./data/306.jpg,640,932
267,307,13,13,1,./data/307.jpg,640,935
282,308,13,13,1,./data/308.jpg,657,942
297,309,13,13,1,./data/309.jpg,673,955
312,310,13,13,1,./data/310.jpg,707,965
327,311,13,13,1,./data/311.jpg,757,979
342,312,13,13,1,./data/312.jpg,810,982
357,313,13,13,1,./data/313.jpg,877,986
372,314,13,13,1,./data/314.jpg,943,986
387,315,13,13,1,./data/315.jpg,1007,982
402,316,13,13,1,./data/316.jpg,1060,975
417,317,13,13,1,./data/317.jpg,1110,979
432,318,13,13,1,./data/318.jpg,1143,979
447,319,13,13,1,./data/319.jpg,1180,979
462,320,13,13,1,./data/320.jpg,1203,979
477,321,13,13,1,./data/321.jpg,1213,979
492,322,13,13,1,./data/322.jpg,1220,979
507,323,13,13,1,./data/323.jpg,1223,979
522,324,13,13,1,./data/324.jpg,1227,982
537,325,13,11,1,./data/325.jpg,1227,979
552,326,13,13,1,./data/326.jpg,1227,979
567,327,13,13,1,./data/327.jpg,1227,979
582,328,13,13,1,./data/328.jpg,1227,979
597,329,13,13,1,./data/329.jpg,1227,979
612,330,13,13,1,./data/330.jpg,1227,979
627,331,13,13,1,./data/331.jpg,1227,979
642,332,13,13,1,./data/332.jpg,1227,979
657,333,13,13,1,./data/333.jpg,1227,975
672,334,13,13,1,./data/334.jpg,1227,972
687,335,13,13,1,./data/335.jpg,1227,955
702,336,13,13,1,./data/336.jpg,1223,952
13,290,14,14,1,./data/290.jpg,813,206
28,291,14,14,1,./data/291.jpg,807,209
43,292,14,14,1,./data/292.jpg,803,213
58,293,14,14,1,./data/293.jpg,800,213
73,294,14,14,1,./data/294.jpg,793,209
88,295,14,14,1,./data/295.jpg,787,209
103,296,14,14,1,./data/296.jpg,783,206
118,297,14,14,1,./data/297.jpg,780,206
133,298,14,14,1,./data/298.jpg,777,202
148,299,14,14,1,./data/299.jpg,773,202
163,300,14,14,1,./data/300.jpg,767,202
178,301,14,14,1,./data/301.jpg,760,202
193,302,14,14,1,./data/302.jpg,757,209
208,303,14,14,1,./data/303.jpg,753,213
223,304,14,14,1,./data/304.jpg,750,223
238,305,14,14,1,./data/305.jpg,747,236
253,306,14,14,1,./data/306.jpg,740,240
268,307,14,14,1,./data/307.jpg,737,250
283,308,14,14,1,./data/308.jpg,737,263
298,309,14,14,1,./data/309.jpg,737,270
313,310,14,14,1,./data/310.jpg,737,280
328,311,14,14,1,./data/311.jpg,747,287
343,312,14,14,1,./data/312.jpg,753,294
358,313,14,14,1,./data/313.jpg,763,300
373,314,14,14,1,./data/314.jpg,780,307
388,315,14,14,1,./data/315.jpg,800,307
403,316,14,14,1,./data/316.jpg,823,307
418,317,14,14,1,./data/317.jpg,850,304
433,318,14,14,1,./data/318.jpg,883,297
448,319,14,14,1,./data/319.jpg,923,290
463,320,14,14,1,./data/320.jpg,970,284
478,321,14,14,1,./data/321.jpg,1013,277
493,322,14,14,1,./data/322.jpg,1060,277
508,323,14,14,1,./data/323.jpg,1107,284
523,324,14,14,1,./data/324.jpg,1143,294
538,325,14,12,1,./data/325.jpg,1180,307
553,326,14,14,1,./data/326.jpg,1213,310
568,327,14,14,1,./data/327.jpg,1250,317
583,328,14,14,1,./data/328.jpg,1280,334
598,329,14,14,1,./data/329.jpg,1300,334
613,330,14,14,1,./data/330.jpg,1320,334
628,331,14,14,1,./data/331.jpg,1340,331
643,332,14,14,1,./data/332.jpg,1357,334
658,333,14,14,1,./data/333.jpg,1377,338
673,334,14,14,1,./data/334.jpg,1393,341
688,335,14,14,1,./data/335.jpg,1400,348
703,336,14,14,1,./data/336.jpg,1413,341
14,290,15,15,1,./data/290.jpg,843,209
29,291,15,15,1,./data/291.jpg,837,213
44,292,15,15,1,./data/292.jpg,830,213
59,293,15,15,1,./data/293.jpg,827,213
74,294,15,15,1,./data/294.jpg,823,213
89,295,15,15,1,./data/295.jpg,817,213
104,296,15,15,1,./data/296.jpg,810,213
119,297,15,15,1,./data/297.jpg,807,209
134,298,15,15,1,./data/298.jpg,803,209
149,299,15,15,1,./data/299.jpg,800,209
164,300,15,15,1,./data/300.jpg,797,209
179,301,15,15,1,./data/301.jpg,787,209
194,302,15,15,1,./data/302.jpg,783,213
209,303,15,15,1,./data/303.jpg,780,216
224,304,15,15,1,./data/304.jpg,777,226
239,305,15,15,1,./data/305.jpg,773,236
254,306,15,15,1,./data/306.jpg,767,243
269,307,15,15,1,./data/307.jpg,763,256
284,308,15,15,1,./data/308.jpg,763,263
299,309,15,15,1,./data/309.jpg,763,270
314,310,15,15,1,./data/310.jpg,767,284
329,311,15,15,1,./data/311.jpg,777,290
344,312,15,15,1,./data/312.jpg,780,297
359,313,15,15,1,./data/313.jpg,790,304
374,314,15,15,1,./data/314.jpg,803,307
389,315,15,15,1,./data/315.jpg,827,307
404,316,15,15,1,./data/316.jpg,847,307
419,317,15,15,1,./data/317.jpg,873,307
434,318,15,15,1,./data/318.jpg,907,297
449,319,15,15,1,./data/319.jpg,943,290
464,320,15,15,1,./data/320.jpg,987,284
479,321,15,15,1,./data/321.jpg,1030,280
494,322,15,15,1,./data/322.jpg,1070,273
509,323,15,15,1,./data/323.jpg,1113,284
524,324,15,15,1,./data/323.jpg,1113,284
539,325,15,13,1,./data/325.jpg,1190,304
554,326,15,13,1,./data/325.jpg,1190,304
569,327,15,13,1,./data/325.jpg,1190,304
584,328,15,13,1,./data/325.jpg,1190,304
599,329,15,13,1,./data/325.jpg,1190,304
614,330,15,13,1,./data/325.jpg,1190,304
629,331,15,13,1,./data/325.jpg,1190,304
644,332,15,13,1,./data/325.jpg,1190,304
659,333,15,13,1,./data/325.jpg,1190,304
674,334,15,13,1,./data/325.jpg,1190,304
689,335,15,13,1,./data/325.jpg,1190,304
704,336,15,13,1,./data/325.jpg,1190,304
0,612,0,0,1,./data/612.jpg,830,273
15,613,0,0,1,./data/613.jpg,830,273
30,614,0,0,1,./data/614.jpg,830,273
45,615,0,0,1,./data/615.jpg,827,270
60,616,0,0,1,./data/616.jpg,823,267
75,617,0,0,1,./data/617.jpg,823,267
90,618,0,0,1,./data/618.jpg,820,263
105,619,0,0,1,./data/619.jpg,813,260
120,620,0,0,1,./data/620.jpg,810,260
135,621,0,0,1,./data/621.jpg,810,260
150,622,0,0,1,./data/622.jpg,807,263
165,623,0,0,1,./data/623.jpg,803,263
180,624,0,0,1,./data/624.jpg,803,267
195,625,0,0,1,./data/625.jpg,800,273
210,626,0,0,1,./data/626.jpg,800,280
225,627,0,0,1,./data/627.jpg,797,287
240,628,0,0,1,./data/628.jpg,793,290
255,629,0,0,1,./data/629.jpg,797,297
270,630,0,0,1,./data/630.jpg,800,304
285,631,0,0,1,./data/631.jpg,803,307
300,632,0,0,1,./data/632.jpg,810,310
315,633,0,0,1,./data/633.jpg,823,314
330,634,0,0,1,./data/634.jpg,833,314
345,635,0,0,1,./data/635.jpg,853,314
360,636,0,0,1,./data/636.jpg,873,314
375,637,0,0,1,./data/637.jpg,900,310
390,638,0,0,1,./data/638.jpg,927,307
405,639,0,0,1,./data/639.jpg,967,300
420,640,0,0,1,./data/640.jpg,1003,290
435,641,0,0,1,./data/641.jpg,1043,290
450,642,0,0,1,./data/642.jpg,1087,290
465,643,0,0,1,./data/643.jpg,1130,300
480,644,0,0,1,./data/644.jpg,1163,307
495,645,0,0,1,./data/645.jpg,1197,314
510,646,0,0,1,./data/646.jpg,1227,321
525,647,0,0,1,./data/647.jpg,1260,334
540,648,0,0,1,./data/648.jpg,1283,341
555,649,0,0,1,./data/649.jpg,1303,344
570,650,0,0,1,./data/650.jpg,1327,341
585,651,0,0,1,./data/651.jpg,1347,341
600,652,0,0,1,./data/652.jpg,1370,348
615,653,0,0,1,./data/653.jpg,1387,354
630,654,0,0,1,./data/654.jpg,1400,354
645,655,0,0,1,./data/655.jpg,1413,358
1,612,2,2,1,./data/612.jpg,733,368
16,613,2,2,1,./data/613.jpg,730,364
31,614,2,2,1,./data/614.jpg,730,361
46,615,2,2,1,./data/615.jpg,723,358
61,616,2,2,1,./data/616.jpg,717,351
76,617,2,2,1,./data/617.jpg,713,344
91,618,2,2,1,./data/618.jpg,713,344
106,619,2,2,1,./data/619.jpg,710,341
121,620,2,2,1,./data/620.jpg,707,341
136,621,2,2,1,./data/621.jpg,707,341
151,622,2,2,1,./data/622.jpg,707,344
166,623,2,2,1,./data/623.jpg,707,354
181,624,2,2,1,./data/624.jpg,707,358
196,625,2,2,1,./data/625.jpg,703,368
211,626,2,2,1,./data/626.jpg,703,381
226,627,2,2,1,./data/627.jpg,703,385
241,628,2,2,1,./data/628.jpg,707,398
256,629,2,2,1,./data/629.jpg,707,405
271,630,2,2,1,./data/630.jpg,707,408
286,631,2,2,1,./data/631.jpg,710,418
301,632,2,2,1,./data/632.jpg,717,429
316,633,2,2,1,./data/633.jpg,730,429
331,634,2,2,1,./data/634.jpg,737,432
346,635,2,2,1,./data/635.jpg,753,429
361,636,2,2,1,./data/636.jpg,767,429
376,637,2,2,1,./data/637.jpg,787,422
391,638,2,2,1,./data/638.jpg,817,408
406,639,2,2,1,./data/639.jpg,847,405
421,640,2,2,1,./data/640.jpg,880,392
436,641,2,2,1,./data/641.jpg,920,388
451,642,2,2,1,./data/642.jpg,960,385
466,643,2,2,1,./data/643.jpg,1013,385
481,644,2,2,1,./data/644.jpg,1063,388
496,645,2,2,1,./data/645.jpg,1110,429
511,646,2,2,1,./data/646.jpg,1177,381
526,647,2,2,1,./data/647.jpg,1207,385
541,648,2,2,1,./data/648.jpg,1247,385
556,649,2,2,1,./data/649.jpg,1267,402
571,650,2,2,1,./data/650.jpg,1297,408
586,651,2,2,1,./data/651.jpg,1317,429
601,652,2,2,1,./data/652.jpg,1330,442
616,653,2,2,1,./data/653.jpg,1343,446
631,654,2,2,1,./data/654.jpg,1350,439
646,655,2,2,1,./data/655.jpg,1360,435
2,612,3,3,1,./data/612.jpg,703,472
17,613,3,3,1,./data/613.jpg,690,479
32,614,3,3,1,./data/614.jpg,683,472
47,615,3,3,1,./data/615.jpg,677,469
62,616,3,3,1,./data/616.jpg,663,459
77,617,3,3,1,./data/617.jpg,657,452
92,618,3,3,1,./data/618.jpg,650,442
107,619,3,3,1,./data/619.jpg,650,435
122,620,3,3,1,./data/620.jpg,653,432
137,621,3,3,1,./data/621.jpg,663,412
152,622,3,3,1,./data/622.jpg,663,418
167,623,3,3,1,./data/623.jpg,663,418
182,624,3,3,1,./data/624.jpg,660,435
197,625,3,3,1,./data/625.jpg,660,452
212,626,3,3,1,./data/626.jpg,663,466
227,627,3,3,1,./data/627.jpg,667,483
242,628,3,3,1,./data/628.jpg,680,500
257,629,3,3,1,./data/629.jpg,683,510
272,630,3,3,1,./data/630.jpg,687,526
287,631,3,3,1,./data/631.jpg,690,540
302,632,3,3,1,./data/632.jpg,693,547
317,633,3,3,1,./data/633.jpg,697,547
332,634,3,3,1,./data/634.jpg,703,543
347,635,3,3,1,./data/635.jpg,710,530
362,636,3,3,1,./data/636.jpg,713,520
377,637,3,3,1,./data/637.jpg,730,500
392,638,3,3,1,./data/638.jpg,747,472
407,639,3,3,1,./data/639.jpg,773,452
422,640,3,3,1,./data/640.jpg,800,439
437,641,3,3,1,./data/641.jpg,823,435
452,642,3,3,1,./data/642.jpg,847,418
467,643,3,3,1,./data/643.jpg,900,381
482,644,3,3,1,./data/644.jpg,1017,307
497,645,3,3,1,./data/645.jpg,1163,284
512,646,3,3,1,./data/646.jpg,1257,300
527,647,3,3,1,./data/647.jpg,1343,310
542,648,3,3,1,./data/648.jpg,1383,385
557,649,3,3,1,./data/649.jpg,1390,459
572,650,3,3,1,./data/650.jpg,1367,526
587,651,3,3,1,./data/651.jpg,1323,567
602,652,3,3,1,./data/652.jpg,1280,570
617,653,3,3,1,./data/653.jpg,1273,547
632,654,3,3,1,./data/654.jpg,1280,523
647,655,3,3,1,./data/655.jpg,1297,513
3,612,4,4,1,./data/612.jpg,707,493
18,613,4,4,1,./data/613.jpg,703,479
33,614,4,4,1,./data/614.jpg,690,462
48,615,4,4,1,./data/615.jpg,673,452
63,616,4,4,1,./data/616.jpg,663,425
78,617,4,4,1,./data/617.jpg,653,425
93,618,4,4,1,./data/618.jpg,643,412
108,619,4,4,1,./data/619.jpg,633,408
123,620,4,4,1,./data/620.jpg,630,408
138,621,4,4,1,./data/621.jpg,637,415
153,622,4,4,1,./data/622.jpg,637,435
168,623,4,4,1,./data/623.jpg,630,449
183,624,4,4,1,./data/624.jpg,623,479
198,625,4,4,1,./data/625.jpg,627,510
213,626,4,4,1,./data/626.jpg,633,543
228,627,4,4,1,./data/627.jpg,640,574
243,628,4,4,1,./data/628.jpg,647,597
258,629,4,4,1,./data/629.jpg,660,618
273,630,4,4,1,./data/630.jpg,667,631
288,631,4,4,1,./data/631.jpg,670,648
303,632,4,4,1,./data/632.jpg,683,651
318,633,4,4,1,./data/633.jpg,687,651
333,634,4,4,1,./data/634.jpg,687,645
348,635,4,4,1,./data/635.jpg,690,628
363,636,4,4,1,./data/636.jpg,697,611
378,637,4,4,1,./data/637.jpg,707,584
393,638,4,4,1,./data/638.jpg,710,557
408,639,4,4,1,./data/639.jpg,723,520
423,640,4,4,1,./data/640.jpg,743,459
438,641,4,4,1,./data/641.jpg,780,408
453,642,4,4,1,./data/642.jpg,827,334
468,643,4,4,1,./data/643.jpg,900,246
483,644,4,4,1,./data/644.jpg,1010,189
498,645,4,4,1,./data/645.jpg,1143,152
513,646,4,4,1,./data/646.jpg,1327,162
528,647,4,4,1,./data/647.jpg,1433,263
543,648,4,4,1,./data/648.jpg,1490,388
558,649,4,4,1,./data/649.jpg,1473,506
573,650,4,4,1,./data/650.jpg,1413,601
588,651,4,4,1,./data/651.jpg,1327,655
603,652,4,4,1,./data/652.jpg,1237,655
618,653,4,4,1,./data/653.jpg,1227,604
633,654,4,4,1,./data/653.jpg,1227,604
648,655,4,4,1,./data/653.jpg,1227,604
4,612,5,5,1,./data/612.jpg,857,361
19,613,5,5,1,./data/613.jpg,853,358
34,614,5,5,1,./data/614.jpg,850,354
49,615,5,5,1,./data/615.jpg,847,348
64,616,5,5,1,./data/616.jpg,837,341
79,617,5,5,1,./data/617.jpg,833,334
94,618,5,5,1,./data/618.jpg,830,331
109,619,5,5,1,./data/619.jpg,827,331
124,620,5,5,1,./data/620.jpg,827,324
139,621,5,5,1,./data/621.jpg,823,321
154,622,5,5,1,./data/622.jpg,820,321
169,623,5,5,1,./data/623.jpg,817,324
184,624,5,5,1,./data/624.jpg,817,331
199,625,5,5,1,./data/625.jpg,813,334
214,626,5,5,1,./data/626.jpg,807,341
229,627,5,5,1,./data/627.jpg,807,344
244,628,5,5,1,./data/628.jpg,810,351
259,629,5,5,1,./data/629.jpg,813,358
274,630,5,5,1,./data/630.jpg,820,361
289,631,5,5,1,./data/631.jpg,827,364
304,632,5,5,1,./data/632.jpg,833,368
319,633,5,5,1,./data/633.jpg,847,371
334,634,5,5,1,./data/634.jpg,860,375
349,635,5,5,1,./data/635.jpg,880,375
364,636,5,5,1,./data/636.jpg,900,378
379,637,5,5,1,./data/637.jpg,923,375
394,638,5,5,1,./data/638.jpg,953,368
409,639,5,5,1,./data/639.jpg,987,364
424,640,5,5,1,./data/640.jpg,1020,364
439,641,5,5,1,./data/641.jpg,1050,381
454,642,5,5,1,./data/642.jpg,1087,392
469,643,5,5,1,./data/643.jpg,1113,425
484,644,5,5,1,./data/644.jpg,1133,432
499,645,5,5,1,./data/645.jpg,1140,435
514,646,5,5,1,./data/646.jpg,1110,425
529,647,5,5,1,./data/647.jpg,1123,418
544,648,5,5,1,./data/648.jpg,1133,412
559,649,5,5,1,./data/649.jpg,1143,405
574,650,5,5,1,./data/650.jpg,1160,398
589,651,5,5,1,./data/651.jpg,1180,385
604,652,5,5,1,./data/652.jpg,1200,381
619,653,5,5,1,./data/653.jpg,1213,368
634,654,5,4,1,./data/654.jpg,1230,364
649,655,5,4,1,./data/655.jpg,1240,361
5,612,6,6,1,./data/612.jpg,880,479
20,613,6,6,1,./data/613.jpg,870,476
35,614,6,6,1,./data/614.jpg,857,466
50,615,6,6,1,./data/615.jpg,850,452
65,616,6,6,1,./data/616.jpg,833,442
80,617,6,6,1,./data/617.jpg,827,429
95,618,6,6,1,./data/618.jpg,817,418
110,619,6,6,1,./data/619.jpg,807,408
125,620,6,6,1,./data/620.jpg,800,405
140,621,6,6,1,./data/621.jpg,790,402
155,622,6,6,1,./data/622.jpg,783,402
170,623,6,6,1,./data/623.jpg,780,402
185,624,6,6,1,./data/624.jpg,777,405
200,625,6,6,1,./data/625.jpg,780,405
215,626,6,6,1,./data/626.jpg,780,408
230,627,6,6,1,./data/627.jpg,787,415
245,628,6,6,1,./data/628.jpg,807,412
260,629,6,6,1,./data/629.jpg,823,418
275,630,6,6,1,./data/630.jpg,870,452
290,631,6,6,1,./data/631.jpg,877,412
305,632,6,6,1,./data/632.jpg,903,405
320,633,6,6,1,./data/633.jpg,937,388
335,634,6,6,1,./data/634.jpg,963,378
350,635,6,6,1,./data/635.jpg,990,361
365,636,6,6,1,./data/636.jpg,1017,358
380,637,6,6,1,./data/637.jpg,1047,351
395,638,6,6,1,./data/638.jpg,1070,351
410,639,6,6,1,./data/639.jpg,1090,361
425,640,6,6,1,./data/640.jpg,1107,398
440,641,6,6,1,./data/641.jpg,1097,435
455,642,6,6,1,./data/642.jpg,1090,476
470,643,6,6,1,./data/643.jpg,1093,523
485,644,6,6,1,./data/644.jpg,1100,560
500,645,6,6,1,./data/645.jpg,1157,267
515,646,6,6,1,./data/646.jpg,1040,537
530,647,6,6,1,./data/647.jpg,1043,523
545,648,6,6,1,./data/648.jpg,1050,503
560,649,6,6,1,./data/649.jpg,1063,479
575,650,6,6,1,./data/650.jpg,1070,459
590,651,6,6,1,./data/651.jpg,1087,435
605,652,6,6,1,./data/652.jpg,1100,408
620,653,6,6,1,./data/653.jpg,1117,388
635,654,6,5,1,./data/654.jpg,1140,375
650,655,6,5,1,./data/655.jpg,1153,364
6,612,7,7,1,./data/612.jpg,797,483
21,613,7,7,1,./data/613.jpg,777,459
36,614,7,7,1,./data/614.jpg,763,439
51,615,7,7,1,./data/615.jpg,757,422
66,616,7,7,1,./data/616.jpg,740,408
81,617,7,7,1,./data/617.jpg,733,392
96,618,7,7,1,./data/618.jpg,713,385
111,619,7,7,1,./data/619.jpg,707,385
126,620,7,7,1,./data/620.jpg,690,388
141,621,7,7,1,./data/621.jpg,687,402
156,622,7,7,1,./data/622.jpg,680,415
171,623,7,7,1,./data/623.jpg,683,432
186,624,7,7,1,./data/624.jpg,690,456
201,625,7,7,1,./data/625.jpg,710,479
216,626,7,7,1,./data/626.jpg,730,496
231,627,7,7,1,./data/627.jpg,757,503
246,628,7,7,1,./data/628.jpg,797,500
261,629,7,7,1,./data/629.jpg,847,510
276,630,7,7,1,./data/630.jpg,897,506
291,631,7,7,1,./data/631.jpg,937,469
306,632,7,7,1,./data/632.jpg,980,435
321,633,7,7,1,./data/633.jpg,1033,412
336,634,7,7,1,./data/634.jpg,1070,388
351,635,7,7,1,./data/635.jpg,1103,361
366,636,7,7,1,./data/636.jpg,1133,351
381,637,7,7,1,./data/637.jpg,1160,344
396,638,7,7,1,./data/638.jpg,1177,358
411,639,7,7,1,./data/639.jpg,1183,385
426,640,7,7,1,./data/640.jpg,1187,429
441,641,7,7,1,./data/641.jpg,1173,483
456,642,7,7,1,./data/642.jpg,1160,520
471,643,7,7,1,./data/643.jpg,1143,550
486,644,7,7,1,./data/644.jpg,1150,574
501,645,7,7,1,./data/645.jpg,1143,145
516,646,7,7,1,./data/646.jpg,1100,570
531,647,7,7,1,./data/647.jpg,1097,543
546,648,7,7,1,./data/648.jpg,1107,543
561,649,7,7,1,./data/649.jpg,1113,533
576,650,7,7,1,./data/650.jpg,1120,537
591,651,7,7,1,./data/651.jpg,1117,530
606,652,7,7,1,./data/652.jpg,1113,496
621,653,7,7,1,./data/653.jpg,1117,476
636,654,7,6,1,./data/654.jpg,1123,452
651,655,7,6,1,./data/655.jpg,1137,446
7,612,8,8,1,./data/612.jpg,730,601
22,613,8,8,1,./data/613.jpg,727,601
37,614,8,8,1,./data/614.jpg,723,597
52,615,8,8,1,./data/615.jpg,727,597
67,616,8,8,1,./data/616.jpg,720,591
82,617,8,8,1,./data/617.jpg,723,584
97,618,8,8,1,./data/618.jpg,727,580
112,619,8,8,1,./data/619.jpg,733,580
127,620,8,8,1,./data/620.jpg,743,587
142,621,8,8,1,./data/621.jpg,753,577
157,622,8,8,1,./data/622.jpg,757,580
172,623,8,8,1,./data/623.jpg,770,580
187,624,8,8,1,./data/624.jpg,777,587
202,625,8,8,1,./data/625.jpg,777,591
217,626,8,8,1,./data/626.jpg,777,597
232,627,8,8,1,./data/627.jpg,780,601
247,628,8,8,1,./data/628.jpg,783,604
262,629,8,8,1,./data/629.jpg,783,618
277,630,8,8,1,./data/630.jpg,787,621
292,631,8,8,1,./data/631.jpg,787,631
307,632,8,8,1,./data/632.jpg,793,641
322,633,8,8,1,./data/633.jpg,800,645
337,634,8,8,1,./data/634.jpg,803,651
352,635,8,8,1,./data/635.jpg,813,651
367,636,8,8,1,./data/636.jpg,827,655
382,637,8,8,1,./data/637.jpg,837,662
397,638,8,8,1,./data/638.jpg,850,662
412,639,8,8,1,./data/639.jpg,873,658
427,640,8,8,1,./data/640.jpg,900,651
442,641,8,8,1,./data/641.jpg,927,648
457,642,8,8,1,./data/642.jpg,957,648
472,643,8,8,1,./data/643.jpg,990,651
487,644,8,8,1,./data/644.jpg,1013,648
502,645,8,8,1,./data/645.jpg,1040,651
517,646,8,8,1,./data/646.jpg,1057,651
532,647,8,8,1,./data/647.jpg,1067,651
547,648,8,8,1,./data/648.jpg,1087,645
562,649,8,8,1,./data/649.jpg,1107,634
577,650,8,8,1,./data/650.jpg,1127,628
592,651,8,8,1,./data/651.jpg,1150,621
607,652,8,8,1,./data/652.jpg,1167,611
622,653,8,8,1,./data/653.jpg,1177,611
637,654,8,7,1,./data/654.jpg,1183,604
652,655,8,7,1,./data/655.jpg,1200,597
8,612,9,9,1,./data/612.jpg,707,800
23,613,9,9,1,./data/613.jpg,707,796
38,614,9,9,1,./data/614.jpg,707,796
53,615,9,9,1,./data/615.jpg,707,796
68,616,9,9,1,./data/616.jpg,707,793
83,617,9,9,1,./data/617.jpg,710,793
98,618,9,9,1,./data/618.jpg,710,783
113,619,9,9,1,./data/619.jpg,710,766
128,620,9,9,1,./data/620.jpg,717,763
143,621,9,9,1,./data/621.jpg,710,742
158,622,9,9,1,./data/622.jpg,737,749
173,623,9,9,1,./data/623.jpg,747,763
188,624,9,9,1,./data/624.jpg,740,770
203,625,9,9,1,./data/625.jpg,740,766
218,626,9,9,1,./data/626.jpg,733,753
233,627,9,9,1,./data/627.jpg,723,746
248,628,9,9,1,./data/628.jpg,733,759
263,629,9,9,1,./data/629.jpg,710,803
278,630,9,9,1,./data/630.jpg,713,810
293,631,9,9,1,./data/631.jpg,713,813
308,632,9,9,1,./data/632.jpg,713,817
323,633,9,9,1,./data/633.jpg,717,820
338,634,9,9,1,./data/634.jpg,717,827
353,635,9,9,1,./data/635.jpg,723,830
368,636,9,9,1,./data/636.jpg,730,830
383,637,9,9,1,./data/637.jpg,737,834
398,638,9,9,1,./data/638.jpg,747,834
413,639,9,9,1,./data/639.jpg,763,837
428,640,9,9,1,./data/640.jpg,787,834
443,641,9,9,1,./data/641.jpg,827,820
458,642,9,9,1,./data/642.jpg,850,810
473,643,9,9,1,./data/643.jpg,873,810
488,644,9,9,1,./data/644.jpg,900,813
503,645,9,9,1,./data/645.jpg,937,820
518,646,9,9,1,./data/646.jpg,970,837
533,647,9,9,1,./data/647.jpg,1000,847
548,648,9,9,1,./data/648.jpg,1037,840
563,649,9,9,1,./data/649.jpg,1047,834
578,650,9,9,1,./data/650.jpg,1060,827
593,651,9,9,1,./data/651.jpg,1067,813
608,652,9,9,1,./data/652.jpg,1083,800
623,653,9,9,1,./data/653.jpg,1093,786
638,654,9,8,1,./data/654.jpg,1107,776
653,655,9,8,1,./data/655.jpg,1127,766
9,612,10,10,1,./data/612.jpg,700,962
24,613,10,10,1,./data/613.jpg,700,962
39,614,10,10,1,./data/614.jpg,700,958
54,615,10,10,1,./data/615.jpg,700,962
69,616,10,10,1,./data/616.jpg,703,962
84,617,10,10,1,./data/617.jpg,703,965
99,618,10,10,1,./data/618.jpg,703,969
114,619,10,10,1,./data/619.jpg,707,965
129,620,10,10,1,./data/620.jpg,707,965
144,621,10,10,1,./data/620.jpg,707,965
159,622,10,10,1,./data/622.jpg,723,908
174,623,10,10,1,./data/623.jpg,707,915
189,624,10,10,1,./data/624.jpg,707,952
204,625,10,10,1,./data/625.jpg,710,955
219,626,10,10,1,./data/626.jpg,713,952
234,627,10,10,1,./data/627.jpg,713,952
249,628,10,10,1,./data/628.jpg,710,952
264,629,10,10,1,./data/629.jpg,710,938
279,630,10,10,1,./data/630.jpg,723,958
294,631,10,10,1,./data/631.jpg,720,962
309,632,10,10,1,./data/632.jpg,717,955
324,633,10,10,1,./data/633.jpg,720,952
339,634,10,10,1,./data/634.jpg,720,952
354,635,10,10,1,./data/635.jpg,727,948
369,636,10,10,1,./data/636.jpg,727,952
384,637,10,10,1,./data/637.jpg,723,948
399,638,10,10,1,./data/638.jpg,727,945
414,639,10,10,1,./data/639.jpg,723,948
429,640,10,10,1,./data/640.jpg,717,938
444,641,10,10,1,./data/641.jpg,720,925
459,642,10,10,1,./data/642.jpg,723,915
474,643,10,10,1,./data/643.jpg,733,904
489,644,10,10,1,./data/644.jpg,740,894
504,645,10,10,1,./data/645.jpg,763,888
519,646,10,10,1,./data/646.jpg,787,884
534,647,10,10,1,./data/647.jpg,807,881
549,648,10,10,1,./data/648.jpg,840,861
564,649,10,10,1,./data/649.jpg,853,837
579,650,10,10,1,./data/650.jpg,873,796
594,651,10,10,1,./data/651.jpg,883,742
609,652,10,10,1,./data/652.jpg,913,692
624,653,10,10,1,./data/653.jpg,960,645
639,654,10,9,1,./data/654.jpg,1010,604
654,655,10,9,1,./data/655.jpg,1060,574
10,612,11,11,1,./data/612.jpg,817,608
25,613,11,11,1,./data/613.jpg,810,604
40,614,11,11,1,./data/614.jpg,803,601
55,615,11,11,1,./data/615.jpg,803,597
70,616,11,11,1,./data/616.jpg,800,591
85,617,11,11,1,./data/617.jpg,800,580
100,618,11,11,1,./data/618.jpg,800,577
115,619,11,11,1,./data/619.jpg,803,577
130,620,11,11,1,./data/620.jpg,807,577
145,621,11,10,1,./data/621.jpg,813,574
160,622,11,11,1,./data/622.jpg,820,574
175,623,11,11,1,./data/623.jpg,820,577
190,624,11,11,1,./data/624.jpg,827,580
205,625,11,11,1,./data/625.jpg,830,577
220,626,11,11,1,./data/626.jpg,837,587
235,627,11,11,1,./data/627.jpg,847,594
250,628,11,11,1,./data/628.jpg,850,597
265,629,11,11,1,./data/629.jpg,853,608
280,630,11,11,1,./data/630.jpg,860,614
295,631,11,11,1,./data/631.jpg,873,618
310,632,11,11,1,./data/632.jpg,877,621
325,633,11,11,1,./data/633.jpg,880,634
340,634,11,11,1,./data/634.jpg,893,645
355,635,11,11,1,./data/635.jpg,903,645
370,636,11,11,1,./data/636.jpg,920,648
385,637,11,11,1,./data/637.jpg,933,648
400,638,11,11,1,./data/638.jpg,947,655
415,639,11,11,1,./data/639.jpg,973,651
430,640,11,11,1,./data/640.jpg,997,651
445,641,11,11,1,./data/641.jpg,1020,651
460,642,11,11,1,./data/642.jpg,1043,651
475,643,11,11,1,./data/643.jpg,1067,658
490,644,11,11,1,./data/644.jpg,1083,658
505,645,11,11,1,./data/645.jpg,1093,662
520,646,11,11,1,./data/646.jpg,1090,655
535,647,11,11,1,./data/647.jpg,1087,648
550,648,11,11,1,./data/648.jpg,1077,628
565,649,11,11,1,./data/649.jpg,1080,614
580,650,11,11,1,./data/650.jpg,1090,604
595,651,11,11,1,./data/651.jpg,1100,591
610,652,11,11,1,./data/652.jpg,1110,574
625,653,11,11,1,./data/653.jpg,1127,574
640,654,11,10,1,./data/654.jpg,1133,570
655,655,11,10,1,./data/655.jpg,1147,557
11,612,12,12,1,./data/612.jpg,863,807
26,613,12,12,1,./data/613.jpg,847,807
41,614,12,12,1,./data/614.jpg,823,800
56,615,12,12,1,./data/615.jpg,803,796
71,616,12,12,1,./data/616.jpg,780,790
86,617,12,12,1,./data/617.jpg,753,783
101,618,12,12,1,./data/618.jpg,737,766
116,619,12,12,1,./data/619.jpg,723,763
131,620,12,12,1,./data/620.jpg,697,742
146,621,12,11,1,./data/621.jpg,687,729
161,622,12,12,1,./data/622.jpg,687,719
176,623,12,12,1,./data/623.jpg,687,716
191,624,12,12,1,./data/624.jpg,690,716
206,625,12,12,1,./data/625.jpg,700,719
221,626,12,12,1,./data/626.jpg,710,736
236,627,12,12,1,./data/627.jpg,723,746
251,628,12,12,1,./data/628.jpg,740,753
266,629,12,12,1,./data/629.jpg,760,763
281,630,12,12,1,./data/630.jpg,780,766
296,631,12,12,1,./data/631.jpg,803,773
311,632,12,12,1,./data/632.jpg,827,773
326,633,12,12,1,./data/633.jpg,857,790
341,634,12,12,1,./data/634.jpg,900,796
356,635,12,12,1,./data/635.jpg,937,796
371,636,12,12,1,./data/636.jpg,983,800
386,637,12,12,1,./data/637.jpg,1023,796
401,638,12,12,1,./data/638.jpg,1063,790
416,639,12,12,1,./data/639.jpg,1097,786
431,640,12,12,1,./data/640.jpg,1130,783
446,641,12,12,1,./data/641.jpg,1150,786
461,642,12,12,1,./data/642.jpg,1170,783
476,643,12,12,1,./data/643.jpg,1183,780
491,644,12,12,1,./data/644.jpg,1200,780
506,645,12,12,1,./data/645.jpg,1207,780
521,646,12,12,1,./data/646.jpg,1207,780
536,647,12,12,1,./data/647.jpg,1207,780
551,648,12,12,1,./data/648.jpg,1207,776
566,649,12,12,1,./data/649.jpg,1207,773
581,650,12,12,1,./data/650.jpg,1210,773
596,651,12,12,1,./data/651.jpg,1213,770
611,652,12,12,1,./data/652.jpg,1220,773
626,653,12,12,1,./data/653.jpg,1223,770
641,654,12,11,1,./data/654.jpg,1227,770
656,655,12,11,1,./data/655.jpg,1230,766
12,612,13,13,1,./data/612.jpg,923,975
27,613,13,13,1,./data/613.jpg,923,962
42,614,13,13,1,./data/614.jpg,917,948
57,615,13,13,1,./data/615.jpg,900,942
72,616,13,13,1,./data/616.jpg,887,935
87,617,13,13,1,./data/617.jpg,863,928
102,618,13,13,1,./data/618.jpg,833,911
117,619,13,13,1,./data/619.jpg,810,911
132,620,13,13,1,./data/620.jpg,783,911
147,621,13,12,1,./data/621.jpg,757,908
162,622,13,13,1,./data/622.jpg,730,915
177,623,13,13,1,./data/623.jpg,703,915
192,624,13,13,1,./data/624.jpg,683,911
207,625,13,13,1,./data/625.jpg,670,911
222,626,13,13,1,./data/626.jpg,663,911
237,627,13,13,1,./data/627.jpg,663,921
252,628,13,13,1,./data/628.jpg,673,932
267,629,13,13,1,./data/629.jpg,693,945
282,630,13,13,1,./data/630.jpg,720,958
297,631,13,13,1,./data/631.jpg,767,975
312,632,13,13,1,./data/632.jpg,827,975
327,633,13,13,1,./data/633.jpg,880,992
342,634,13,13,1,./data/634.jpg,947,982
357,635,13,13,1,./data/635.jpg,1000,982
372,636,13,13,1,./data/636.jpg,1057,979
387,637,13,13,1,./data/637.jpg,1103,975
402,638,13,13,1,./data/638.jpg,1137,972
417,639,13,13,1,./data/639.jpg,1167,969
432,640,13,13,1,./data/640.jpg,1187,962
447,641,13,13,1,./data/641.jpg,1207,969
462,642,13,13,1,./data/642.jpg,1210,972
477,643,13,13,1,./data/643.jpg,1217,969
492,644,13,13,1,./data/644.jpg,1227,975
507,645,13,13,1,./data/645.jpg,1227,975
522,646,13,13,1,./data/646.jpg,1227,972
537,647,13,13,1,./data/647.jpg,1227,972
552,648,13,13,1,./data/648.jpg,1227,969
567,649,13,13,1,./data/649.jpg,1227,972
582,650,13,13,1,./data/650.jpg,1227,969
597,651,13,13,1,./data/651.jpg,1227,969
612,652,13,13,1,./data/652.jpg,1227,969
627,653,13,13,1,./data/653.jpg,1227,972
642,654,13,12,1,./data/654.jpg,1227,969
657,655,13,12,1,./data/655.jpg,1227,958
13,612,14,14,1,./data/612.jpg,813,260
28,613,14,14,1,./data/613.jpg,810,260
43,614,14,14,1,./data/614.jpg,810,256
58,615,14,14,1,./data/615.jpg,807,256
73,616,14,14,1,./data/616.jpg,807,253
88,617,14,14,1,./data/617.jpg,803,246
103,618,14,14,1,./data/618.jpg,803,243
118,619,14,14,1,./data/619.jpg,800,240
133,620,14,14,1,./data/620.jpg,797,240
148,621,14,13,1,./data/621.jpg,797,240
163,622,14,14,1,./data/622.jpg,790,243
178,623,14,14,1,./data/623.jpg,783,246
193,624,14,14,1,./data/624.jpg,783,250
208,625,14,14,1,./data/625.jpg,780,260
223,626,14,14,1,./data/626.jpg,780,263
238,627,14,14,1,./data/627.jpg,777,267
253,628,14,14,1,./data/628.jpg,777,277
268,629,14,14,1,./data/629.jpg,780,284
283,630,14,14,1,./data/630.jpg,780,287
298,631,14,14,1,./data/631.jpg,783,290
313,632,14,14,1,./data/632.jpg,793,294
328,633,14,14,1,./data/633.jpg,803,297
343,634,14,14,1,./data/634.jpg,820,300
358,635,14,14,1,./data/635.jpg,833,300
373,636,14,14,1,./data/636.jpg,857,297
388,637,14,14,1,./data/637.jpg,883,294
403,638,14,14,1,./data/638.jpg,913,290
418,639,14,14,1,./data/639.jpg,947,287
433,640,14,14,1,./data/640.jpg,990,280
448,641,14,14,1,./data/641.jpg,1030,277
463,642,14,14,1,./data/642.jpg,1070,277
478,643,14,14,1,./data/643.jpg,1113,287
493,644,14,14,1,./data/644.jpg,1150,294
508,645,14,14,1,./data/645.jpg,1180,300
523,646,14,14,1,./data/646.jpg,1210,310
538,647,14,14,1,./data/647.jpg,1247,321
553,648,14,14,1,./data/648.jpg,1273,327
568,649,14,14,1,./data/649.jpg,1297,331
583,650,14,14,1,./data/650.jpg,1317,331
598,651,14,14,1,./data/651.jpg,1337,327
613,652,14,14,1,./data/652.jpg,1360,331
628,653,14,14,1,./data/653.jpg,1377,334
643,654,14,13,1,./data/654.jpg,1393,338
658,655,14,13,1,./data/655.jpg,1407,341
14,612,15,15,1,./data/612.jpg,847,260
29,613,15,15,1,./data/613.jpg,843,260
44,614,15,15,1,./data/614.jpg,840,260
59,615,15,15,1,./data/615.jpg,837,260
74,616,15,15,1,./data/616.jpg,833,256
89,617,15,15,1,./data/617.jpg,830,253
104,618,15,15,1,./data/618.jpg,827,250
119,619,15,15,1,./data/619.jpg,827,243
134,620,15,15,1,./data/620.jpg,823,243
149,621,15,14,1,./data/621.jpg,820,243
164,622,15,15,1,./data/622.jpg,813,243
179,623,15,15,1,./data/623.jpg,810,246
194,624,15,15,1,./data/624.jpg,810,256
209,625,15,15,1,./data/625.jpg,807,260
224,626,15,15,1,./data/626.jpg,803,263
239,627,15,15,1,./data/627.jpg,803,270
254,628,15,15,1,./data/628.jpg,803,280
269,629,15,15,1,./data/629.jpg,803,284
284,630,15,15,1,./data/630.jpg,807,287
299,631,15,15,1,./data/631.jpg,810,290
314,632,15,15,1,./data/632.jpg,820,297
329,633,15,15,1,./data/633.jpg,827,300
344,634,15,15,1,./data/634.jpg,847,304
359,635,15,15,1,./data/635.jpg,857,304
374,636,15,15,1,./data/636.jpg,880,300
389,637,15,15,1,./data/637.jpg,903,297
404,638,15,15,1,./data/638.jpg,933,290
419,639,15,15,1,./data/639.jpg,970,287
434,640,15,15,1,./data/640.jpg,1003,284
449,641,15,15,1,./data/641.jpg,1043,277
464,642,15,15,1,./data/642.jpg,1087,280
479,643,15,15,1,./data/643.jpg,1120,287
494,644,15,15,1,./data/643.jpg,1120,287
509,645,15,15,1,./data/645.jpg,1187,290
524,646,15,15,1,./data/645.jpg,1187,290
539,647,15,15,1,./data/645.jpg,1187,290
554,648,15,15,1,./data/645.jpg,1187,290
569,649,15,15,1,./data/645.jpg,1187,290
584,650,15,15,1,./data/645.jpg,1187,290
599,651,15,15,1,./data/645.jpg,1187,290
614,652,15,15,1,./data/645.jpg,1187,290
629,653,15,15,1,./data/645.jpg,1187,290
644,654,15,15,1,./data/645.jpg,1187,290
659,655,15,15,1,./data/645.jpg,1187,290
